date,Year,Month,FTB_Import_Returned_(-),FTB_Import_Other,FTB_Import_Ships_and_aircraft,FTB_Import_Diamonds_rough_and_working_net,FTB_Import_Fuels,FTB_Import_Investment_goods,FTB_Import_Raw_materials,FTB_Import_Consumer_goods,"FTB_Import_excl._ships_aircraft,_diamonds_and_fuels",FTB_Import_Total_excl._ships_aircraft_and_diamonds,FTB_Import_Total,FTB_Export_Returned_(-),FTB_Export_Wholesale_of_diamonds,FTB_Export_Working_of_diamonds,FTB_Export_Other,"FTB_Export_Manufacturing,_mining_&_quarrying_excl.working_diamonds","FTB_Export_Agriculture,_forestry_and_fishing","FTB_Export_Total_excl._ships,_aircraft_and_diamonds",FTB_Export_Total,fisher_export_volume,fisher_import_volume,Austria_Import,Austria_Export,Italy_Import,Italy_Export,Ireland_Import,Ireland_Export,Estonia_Import,Estonia_Export,Bulgaria_Import,Bulgaria_Export,Belgium_Import,Belgium_Export,Germany_Import,Germany_Export,Denmark_Import,Denmark_Export,Netherlands_Import,Netherlands_Export,Hungary_Import,Hungary_Export,Greece_Import,Greece_Export,Luxembourg_Import,Luxembourg_Export,Latvia_Import,Latvia_Export,Lithuania_Import,Lithuania_Export,Malta_Import,Malta_Export,Slovenia_Import,Slovenia_Export,Slovakia_Import,Slovakia_Export,Spain_Import,Spain_Export,Poland_Import,Poland_Export,Portugal_Import,Portugal_Export,Finland_Import,Finland_Export,Czechia_Import,Czechia_Export,France_Import,France_Export,Cyprus_Import,Cyprus_Export,Croatia_Import,Croatia_Export,Romania_Import,Romania_Export,Sweden_Import,Sweden_Export,Iceland_Import,Iceland_Export,Norway_Import,Norway_Export,Switzerland_Import,Switzerland_Export,Ukraine_Import,Ukraine_Export,Albania_Import,Albania_Export,Bosnia_and_Herzegovina_Import,Bosnia_and_Herzegovina_Export,Belarus_Import,Belarus_Export,Gibraltar_Import,Gibraltar_Export,United_Kingdom_Import,United_Kingdom_Export,Turkiye_Import,Turkiye_Export,Moldova_Import,Moldova_Export,North_Macedonia_Import,North_Macedonia_Export,Serbia_Import,Serbia_Export,Russian_Federation_Import,Russian_Federation_Export,Other_Countries_Import,Other_Countries_Export,Uzbekistan_Import,Uzbekistan_Export,Azerbaijan_Import,Azerbaijan_Export,United_Arab_Emirates_Import,United_Arab_Emirates_Export,Indonesia_Import,Indonesia_Export,Armenia_Import,Armenia_Export,Bahrain_Import,Bahrain_Export,Georgia_Import,Georgia_Export,India_Import,India_Export,Hong_Kong_Import,Hong_Kong_Export,Philippines_Import,Philippines_Export,Viet_Nam_Import,Viet_Nam_Export,Turkmenistan_Import,Turkmenistan_Export,Taiwan_Import,Taiwan_Export,Japan_Import,Japan_Export,Jordan_Import,Jordan_Export,Myanmar_Import,Myanmar_Export,Malaysia_Import,Malaysia_Export,China_(1)_Import,China_(1)_Export,Singapore_Import,Singapore_Export,Sri_Lanka_Import,Sri_Lanka_Export,South_Korea_Import,South_Korea_Export,Kazakhstan_Import,Kazakhstan_Export,Cambodia_Import,Cambodia_Export,Thailand_Import,Thailand_Export,Uganda_Import,Uganda_Export,Eswatini_Import,Eswatini_Export,Ethiopia_Import,Ethiopia_Export,Botswana_Import,Botswana_Export,Ghana_Import,Ghana_Export,Gabon_Import,Gabon_Export,South_Africa_Import,South_Africa_Export,Dem._Rep.of_the_Congo_Import,Dem._Rep.of_the_Congo_Export,Zimbabwe_Import,Zimbabwe_Export,Zambia_Import,Zambia_Export,Cote_d'Ivoire_Import,Cote_d'Ivoire_Export,Tanzania_Import,Tanzania_Export,Mauritius_Import,Mauritius_Export,Egypt_Import,Egypt_Export,Morocco_Import,Morocco_Export,Nigeria_Import,Nigeria_Export,Namibia_Import,Namibia_Export,Senegal_Import,Senegal_Export,Republic_of_Congo_Import,Republic_of_Congo_Export,Cameroon_Import,Cameroon_Export,Kenya_Import,Kenya_Export,Reunion_Import,Reunion_Export,Rwanda_Import,Rwanda_Export,USA_Import,USA_Export,Mexico_Import,Mexico_Export,Canada_Import,Canada_Export,El_Salvador_Import,El_Salvador_Export,Bahamas_Import,Bahamas_Export,Barbados_Import,Barbados_Export,Jamaica_Import,Jamaica_Export,Guatemala_Import,Guatemala_Export,Haiti_Import,Haiti_Export,Honduras_Import,Honduras_Export,Dominican_Republic_Import,Dominican_Republic_Export,Trinidad_and_Tobago_Import,Trinidad_and_Tobago_Export,Martinique_Import,Martinique_Export,Nicaragua_Import,Nicaragua_Export,Puerto_Rico_Import,Puerto_Rico_Export,Panama_Import,Panama_Export,Cuba_Import,Cuba_Export,Costa_Rica_Import,Costa_Rica_Export,Uruguay_Import,Uruguay_Export,Ecuador_Import,Ecuador_Export,Argentina_Import,Argentina_Export,Bolivia_Import,Bolivia_Export,Brazil_Import,Brazil_Export,Venezuela_Import,Venezuela_Export,Paraguay_Import,Paraguay_Export,Peru_Import,Peru_Export,Chile_Import,Chile_Export,Colombia_Import,Colombia_Export,Australia_Import,Australia_Export,New_Zealand_Import,New_Zealand_Export,Papua_New_Guinea_Import,Papua_New_Guinea_Export,Fiji_Import,Fiji_Export,Countries_Import,Countries_Export
2023-10-01 00:00,2023,October,,,,,,,,,,,,,,,,,,,,103.54752978948808,106.48263449544582,,,,,,,,,,,,,,,,,,,,,,,,,,,,,,,,,,,,,,,,,,,,,,,,,,,,,,,,,,,,,,,,,,,,,,,,,,,,,,,,,,,,,,,,,,,,,,,,,,,,,,,,,,,,,,,,,,,,,,,,,,,,,,,,,,,,,,,,,,,,,,,,,,,,,,,,,,,,,,,,,,,,,,,,,,,,,,,,,,,,,,,,,,,,,,,,,,,,,,,,,,,,,,,,,,,,,,,,,,,,,,,,,,,,,,,,,,,,,,,,,,,,
2023-11-01 00:00,2023,November,,,,,,,,,,,,,,,,,,,,104.21576400499,97.71275629298071,,,,,,,,,,,,,,,,,,,,,,,,,,,,,,,,,,,,,,,,,,,,,,,,,,,,,,,,,,,,,,,,,,,,,,,,,,,,,,,,,,,,,,,,,,,,,,,,,,,,,,,,,,,,,,,,,,,,,,,,,,,,,,,,,,,,,,,,,,,,,,,,,,,,,,,,,,,,,,,,,,,,,,,,,,,,,,,,,,,,,,,,,,,,,,,,,,,,,,,,,,,,,,,,,,,,,,,,,,,,,,,,,,,,,,,,,,,,,,,,,,,,
2023-12-01 00:00,2023,December,,,,,,,,,,,,,,,,,,,,124.16288071791102,113.34832989431,,,,,,,,,,,,,,,,,,,,,,,,,,,,,,,,,,,,,,,,,,,,,,,,,,,,,,,,,,,,,,,,,,,,,,,,,,,,,,,,,,,,,,,,,,,,,,,,,,,,,,,,,,,,,,,,,,,,,,,,,,,,,,,,,,,,,,,,,,,,,,,,,,,,,,,,,,,,,,,,,,,,,,,,,,,,,,,,,,,,,,,,,,,,,,,,,,,,,,,,,,,,,,,,,,,,,,,,,,,,,,,,,,,,,,,,,,,,,,,,,,,,
2024-01-01 00:00,2024,January,,,,,,,,,,,,,,,,,,,,109.80566486965624,97.33238648766002,,,,,,,,,,,,,,,,,,,,,,,,,,,,,,,,,,,,,,,,,,,,,,,,,,,,,,,,,,,,,,,,,,,,,,,,,,,,,,,,,,,,,,,,,,,,,,,,,,,,,,,,,,,,,,,,,,,,,,,,,,,,,,,,,,,,,,,,,,,,,,,,,,,,,,,,,,,,,,,,,,,,,,,,,,,,,,,,,,,,,,,,,,,,,,,,,,,,,,,,,,,,,,,,,,,,,,,,,,,,,,,,,,,,,,,,,,,,,,,,,,,,
2024-02-01 00:00,2024,February,,,,,,,,,,,,,,,,,,,,108.07603792843248,116.4640758871616,,,,,,,,,,,,,,,,,,,,,,,,,,,,,,,,,,,,,,,,,,,,,,,,,,,,,,,,,,,,,,,,,,,,,,,,,,,,,,,,,,,,,,,,,,,,,,,,,,,,,,,,,,,,,,,,,,,,,,,,,,,,,,,,,,,,,,,,,,,,,,,,,,,,,,,,,,,,,,,,,,,,,,,,,,,,,,,,,,,,,,,,,,,,,,,,,,,,,,,,,,,,,,,,,,,,,,,,,,,,,,,,,,,,,,,,,,,,,,,,,,,,
2024-03-01 00:00,2024,March,,,,,,,,,,,,,,,,,,,,122.33990429912384,115.16314407120149,,,,,,,,,,,,,,,,,,,,,,,,,,,,,,,,,,,,,,,,,,,,,,,,,,,,,,,,,,,,,,,,,,,,,,,,,,,,,,,,,,,,,,,,,,,,,,,,,,,,,,,,,,,,,,,,,,,,,,,,,,,,,,,,,,,,,,,,,,,,,,,,,,,,,,,,,,,,,,,,,,,,,,,,,,,,,,,,,,,,,,,,,,,,,,,,,,,,,,,,,,,,,,,,,,,,,,,,,,,,,,,,,,,,,,,,,,,,,,,,,,,,
2024-04-01 00:00,2024,April,,,,,,,,,,,,,,,,,,,,104.54203086472656,100.18746197591932,31.3,8.7,245.5,99.8,172.6,268.3,14.2,1.1,12.9,4.7,234.6,109.6,479.0,206.8,33.5,18.2,284.8,214.2,24.5,9.0,33.2,51.7,12.1,3.5,5.9,2.3,8.4,18.0,7.1,43.1,8.9,40.6,8.2,2.1,146.4,79.5,56.6,28.1,49.1,4.6,17.9,3.0,52.3,7.9,197.6,139.7,17.2,65.7,2.8,2.5,32.1,50.7,38.9,9.6,0.1,0.2,18.6,5.2,386.4,96.1,9.2,14.8,0.5,31.5,0.3,0.2,2.5,2.0,0.0,0.0,210.8,126.2,270.8,149.2,0.4,2.4,0.8,0.3,4.0,30.2,14.5,32.0,17.500000000000004,5.699999999999999,0.5,0.4,0.1,29.4,249.6,28.8,4.3,1.0,0.6,1.0,18.4,0.5,3.7,3.2,146.7,183.4,151.5,174.2,10.3,12.0,13.0,8.5,0.0,0.0,70.7,113.7,55.3,53.8,20.2,20.5,0.3,0.0,0.1,0.9,656.5,247.2,89.5,51.7,5.1,10.3,171.7,82.5,0.5,3.6,0.0,0.1,45.7,33.6,0.5,0.3,1.3,0.0,5.2,12.0,19.9,0.1,1.0,0.8,0.0,0.3,12.0,12.5,0.0,0.0,0.0,0.0,0.0,0.2,0.0,0.4,0.7,1.3,0.3,0.3,15.4,8.3,2.4,22.1,1.1,2.5,1.2,0.3,0.5,0.5,0.0,0.2,0.0,0.3,1.1,3.6,0.0,0.0,0.0,0.1,688.5,1215.6,9.0,34.7,29.6,47.5,0.0,0.6,0.0,0.0,0.0,0.0,0.0,0.4,0.2,2.2,0.0,0.0,0.0,0.3,0.3,2.4,0.0,2.1,0.0,0.0,0.0,0.1,0.1,0.3,3.4,0.5,0.0,0.1,1.5,2.2,20.8,1.0,0.3,3.5,27.0,10.2,0.0,0.2,32.0,81.4,0.0,0.0,5.9,0.1,2.2,5.8,13.1,7.3,0.8,8.5,19.5,31.0,0.2,4.5,0.0,0.3,0.0,0.0,945.4,411.4
2024-05-01 00:00,2024,May,10.8,0.0,16.0,206.4,576.7,1096.1,3418.8,2008.5,6523.4,7100.1,7322.5,54.6,62.8,268.9,0.0,4227.4,78.8,4113.7,4583.3,105.6306106019728,109.64561371633953,63.3,8.4,323.6,109.0,175.4,307.1,7.0,0.8,15.1,7.3,306.0,190.8,492.5,189.4,52.4,6.9,331.4,235.1,38.3,13.2,39.1,23.4,10.6,7.4,6.0,2.0,13.3,22.8,4.3,36.8,10.3,26.2,14.1,1.7,192.2,82.8,48.4,26.4,33.4,5.6,28.8,5.2,66.1,8.9,199.6,105.5,29.1,83.1,3.8,2.4,28.2,46.5,60.4,10.1,0.5,0.2,15.9,5.8,359.8,97.2,7.1,19.2,0.7,3.5,0.4,0.0,3.3,2.1,0.0,0.0,180.8,146.1,116.8,25.7,0.4,0.9,1.0,0.3,19.5,1.3,16.5,25.8,12.4,4.9,1.0,1.0,0.4,13.6,241.7,42.7,6.4,3.9,0.6,1.3,0.0,0.0,2.3,3.0,166.9,160.4,247.2,238.0,13.4,15.4,32.0,11.1,0.0,0.1,80.0,61.5,75.5,85.5,35.7,8.0,0.0,0.0,0.7,4.0,1002.3,219.0,130.0,57.2,7.7,14.5,199.8,68.9,0.5,2.1,0.3,0.1,66.3,28.4,1.4,0.3,2.1,0.5,4.7,0.9,29.8,0.4,0.4,0.5,0.1,0.2,5.1,16.8,0.0,0.1,0.0,0.0,0.0,0.2,0.0,0.2,1.1,0.2,0.3,0.3,25.8,40.6,0.8,7.7,2.2,2.2,2.3,0.1,0.4,0.1,0.0,0.2,0.0,0.1,0.5,2.9,0.0,0.0,0.0,0.1,875.0,1450.5,15.2,33.8,42.1,44.0,0.0,0.3,0.0,0.0,0.0,0.0,0.0,0.4,0.3,3.4,0.0,0.0,0.0,0.7,0.3,3.6,0.0,2.1,0.0,0.1,0.0,0.3,0.1,0.4,3.2,0.9,0.0,1.0,2.0,3.2,26.0,3.0,0.6,3.8,32.2,29.4,0.1,0.2,38.7,77.9,0.1,0.1,16.8,0.3,3.2,9.7,15.8,9.1,0.8,7.9,12.4,36.8,1.6,17.6,0.0,0.0,0.0,0.0,587.3,428.1
2024-06-01 00:00,2024,June,10.7,0.0,30.3,215.7,603.2,1059.8,3026.5,1839.0,5925.3,6528.5,6774.5,37.0,39.0,145.1,0.0,4132.9,38.0,4112.5,4318.0,104.1769226002329,101.4310501327228,147.5,19.37,1061.17,466.7,484.58,1207.18,50.28,3.35,109.88,24.96,1010.14,546.79,1761.78,674.92,293.51,42.46,1005.3,855.56,160.91,51.03,206.35,87.9,41.34,20.49,14.53,6.33,43.58,33.89,16.76,60.34,34.64,88.65,61.46,8.19,665.98,288.29,156.81,118.07,104.29,21.6,125.15,59.22,193.68,44.32,720.73,365.02,58.11,187.35,11.55,7.08,145.26,89.02,188.1,36.13,0.74,0.37,62.2,14.15,1293.96,150.11,27.19,62.57,1.12,3.35,0.37,0.0,8.57,7.08,0.0,0.0,743.45,490.92,226.09,6.33,0.74,3.72,2.61,1.12,19.37,4.84,56.62,132.6,41.34,13.01,1.49,7.45,0.74,73.75,810.87,201.88,25.33,10.8,3.72,4.47,60.71,1.86,8.94,11.17,535.24,622.77,835.08,763.56,52.89,140.79,97.21,37.99,0.37,0.0,277.49,373.59,369.49,255.51,105.41,24.96,0.37,0.0,1.86,12.29,3662.87,966.93,403.39,260.73,27.19,27.56,755.37,259.61,2.98,17.51,0.37,0.0,164.26,107.64,4.1,15.27,0.0,0.74,22.35,5.21,72.26,0.0,0.0,1.86,0.0,1.12,33.52,54.75,0.0,0.37,0.0,0.0,0.0,0.37,0.0,1.49,5.21,0.37,2.98,3.35,75.61,54.75,4.47,24.21,0.74,4.1,13.78,0.0,1.49,40.23,0.0,0.0,0.0,1.49,1.86,18.62,0.0,0.0,0.0,0.74,2929.1,5147.91,23.09,111.0,123.29,189.96,0.0,1.86,0.0,0.0,0.0,0.0,0.0,1.86,0.37,16.02,0.0,0.0,0.0,1.49,0.74,73.0,0.0,0.74,0.0,0.0,0.37,1.49,0.0,0.74,16.76,3.72,0.0,0.0,5.59,10.06,84.55,2.98,1.86,9.31,78.22,46.56,0.74,0.74,78.59,385.88,0.0,1.12,7.45,2.23,7.45,32.4,53.26,32.78,5.21,33.89,52.52,142.66,1.86,17.13,0.0,0.37,0.0,0.0,2081.36,1603.11
2024-07-01 00:00,2024,July,15.3,0.0,103.5,163.8,1004.4,1316.3,3573.6,2195.8,7085.7,8090.1,8357.4,48.1,22.1,138.5,0.0,4425.5,48.1,4345.5,4586.2,108.98849671638852,125.40456027539616,66.1,4.9,322.9,79.4,158.7,390.0,7.6,0.5,26.1,4.7,302.9,115.3,578.0,170.7,45.4,13.6,342.3,270.3,30.9,15.2,111.2,26.1,12.0,4.8,6.8,2.0,12.1,6.9,3.0,18.7,16.3,24.7,18.7,2.2,183.5,111.2,59.2,29.1,22.3,7.3,32.6,11.0,68.2,21.9,271.0,113.9,76.9,63.5,2.4,3.2,39.1,24.7,79.9,33.4,0.2,0.2,19.5,5.4,382.4,35.4,7.2,20.2,0.5,4.6,0.4,0.1,2.2,1.5,0.0,0.0,211.2,137.3,73.4,8.4,0.2,1.2,1.0,0.3,9.5,0.9,31.3,48.1,22.6,7.4,2.3,10.7,0.3,25.9,232.6,50.8,4.5,2.0,1.0,0.4,17.2,0.7,3.6,3.3,121.5,172.2,305.4,110.2,14.7,42.4,29.2,10.0,0.0,0.1,103.5,81.9,125.6,66.6,42.4,9.1,0.2,0.0,0.7,0.9,1325.2,231.8,136.3,64.5,6.8,14.5,206.7,75.2,0.9,4.2,0.1,0.1,52.5,28.7,1.2,0.3,0.8,0.2,3.3,2.0,8.7,0.1,0.0,0.8,0.0,0.0,9.7,15.4,0.0,0.2,0.0,0.0,4.6,0.1,0.0,0.2,1.3,1.9,0.4,0.8,30.6,45.4,1.1,7.3,0.9,2.2,0.8,0.0,0.5,12.2,0.1,0.4,0.0,0.7,0.4,4.5,0.0,0.0,0.0,0.2,882.3,1478.3,15.5,33.3,38.2,51.3,0.0,0.6,0.0,0.0,0.0,0.0,0.0,0.3,0.2,4.1,0.0,0.1,0.0,1.1,0.2,3.1,0.0,0.2,0.0,0.0,0.0,0.1,0.1,0.3,3.0,0.6,0.0,0.0,1.4,2.9,12.0,0.8,0.2,4.0,11.2,13.1,0.3,0.2,18.0,113.6,0.0,0.1,21.1,0.4,1.4,8.4,14.6,14.2,2.5,8.1,12.8,45.5,1.7,13.8,0.0,0.0,0.0,0.1,981.6,615.2
2024-08-01 00:00,2024,August,9.8,0.0,36.5,90.8,595.9,1075.1,3218.7,1990.5,6284.3,6880.2,7007.5,27.6,27.6,171.7,0.0,4801.5,65.6,4742.4,5038.7,118.10616020621472,106.50980385064088,52.1,5.8,279.2,72.5,148.8,245.5,3.0,1.2,24.1,4.6,220.2,105.3,512.9,214.5,45.6,7.1,279.7,237.7,33.7,17.2,169.3,38.9,11.9,3.2,5.4,1.9,6.0,5.8,4.9,9.4,12.1,26.2,12.6,1.8,187.5,84.5,51.7,38.1,23.6,5.9,26.5,6.7,59.7,14.2,209.4,119.9,32.3,69.3,3.5,1.7,45.5,23.9,56.8,20.9,0.5,0.1,19.9,3.3,399.8,68.3,10.8,5.9,0.4,0.4,0.8,0.2,2.5,1.5,0.0,0.0,200.1,128.1,93.3,2.0,0.5,26.7,1.1,0.2,5.5,1.2,12.0,41.5,26.6,56.8,1.1,16.7,1.0,17.1,194.7,37.5,2.9,7.5,0.4,1.5,15.7,3.4,3.1,3.7,124.3,158.7,187.0,99.8,17.6,14.3,25.5,9.1,0.0,0.0,101.9,55.6,94.3,77.9,38.2,13.3,0.4,0.0,0.3,0.9,1115.8,236.4,102.0,61.9,5.4,5.9,218.1,92.9,0.7,4.1,0.1,0.0,40.0,44.2,0.5,0.1,0.1,0.2,4.7,1.7,5.0,0.1,0.1,0.6,0.0,0.5,13.9,13.6,0.0,0.1,0.0,0.3,0.4,0.1,0.0,0.1,0.7,0.5,0.6,0.2,22.8,22.9,1.1,6.2,0.7,1.6,0.7,0.3,0.4,8.7,0.1,0.0,0.0,0.0,0.7,5.6,0.0,0.0,0.0,0.4,622.6,1572.6,4.5,36.6,30.3,43.5,0.0,0.8,0.0,0.0,0.0,0.0,0.0,0.5,0.2,3.4,0.0,0.0,0.0,1.9,0.0,3.0,0.0,0.9,0.0,0.0,0.0,0.2,0.2,0.3,1.7,0.6,0.0,0.7,2.3,2.4,18.7,1.3,0.6,4.9,20.2,22.2,0.3,0.2,23.6,97.5,0.0,0.1,2.1,0.3,1.7,6.6,13.4,8.4,1.3,7.7,15.9,42.2,3.6,11.9,0.0,0.0,0.0,0.0,642.6,882.7
2024-09-01 00:00,2024,September,11.2,0.0,57.0,141.8,708.7,1049.8,3742.5,2224.0,7016.3,7725.0,7923.8,35.7,31.4,79.4,0.0,4598.1,88.4,4483.0,4761.5,115.26715539418473,120.20259533550085,60.0,6.3,266.5,90.0,143.6,322.4,6.6,0.7,31.1,6.0,289.1,127.8,549.6,193.9,37.8,10.0,328.0,220.5,38.6,20.8,189.4,28.1,16.3,1.3,5.0,2.8,14.1,6.3,6.7,61.9,19.0,33.1,11.5,1.6,169.1,92.1,67.0,35.2,31.6,7.1,28.8,11.1,55.1,13.7,208.1,115.3,37.8,59.5,1.9,2.0,39.6,91.7,62.1,11.4,0.1,0.2,27.9,5.5,419.2,40.4,9.1,16.6,0.2,0.2,1.5,0.0,3.8,2.3,0.0,0.0,253.7,180.0,116.1,2.9,0.3,0.7,1.9,0.1,7.5,2.0,20.8,46.4,18.9,3.7000000000000006,2.2,0.8,0.6,33.7,249.5,27.5,7.8,1.8,1.3,1.1,0.3,0.2,4.1,3.6,154.0,230.1,257.5,151.0,15.1,16.4,26.4,8.5,0.0,0.1,111.5,61.8,95.6,74.3,40.8,7.0,0.2,0.2,0.6,1.1,1302.0,228.1,127.5,97.3,8.0,6.7,199.8,67.3,0.5,5.2,0.2,0.0,104.3,26.5,1.3,1.0,0.3,0.0,3.9,0.8,8.8,0.6,0.0,0.5,0.0,0.2,12.7,18.2,0.0,1.3,0.0,0.1,0.0,0.4,0.0,0.1,1.8,0.8,3.0,0.2,29.7,34.8,1.1,8.1,2.0,1.9,0.3,0.1,0.4,0.3,0.0,0.4,0.0,0.2,1.0,3.6,0.0,0.1,0.0,0.2,755.9,1597.6,10.0,37.7,39.0,51.1,0.0,0.5,0.0,0.0,0.0,0.0,0.0,0.4,0.2,3.8,0.0,0.0,0.0,3.0,0.7,2.4,0.0,0.3,0.0,0.0,0.0,0.4,0.1,0.4,6.4,1.3,0.0,0.0,2.0,2.0,23.5,1.6,1.0,2.4,31.2,19.5,0.1,0.0,30.3,87.3,0.6,0.3,11.1,0.5,2.2,4.7,11.2,7.6,0.8,6.6,12.2,46.4,0.9,39.3,0.0,0.3,0.0,0.0,669.4,511.5
2024-10-01 00:00,2024,October,5.2,0.0,48.3,167.1,810.3,1179.9,3429.3,2009.5,6618.7,7429.0,7644.4,43.4,20.2,166.1,0.0,4251.4,90.6,3994.8,4484.9,101.8559444758735,115.90546069596732,50.7,6.9,285.4,133.2,138.2,193.2,7.0,1.4,26.2,7.7,288.2,154.7,528.9,348.1,49.1,19.0,326.6,187.7,57.9,11.5,127.6,24.9,20.4,0.3,5.3,1.5,11.1,6.2,3.0,16.9,15.3,49.7,11.7,2.9,154.9,70.1,48.0,47.8,22.7,5.5,25.6,23.2,65.1,13.9,208.0,110.4,58.6,34.2,14.2,1.9,62.5,70.6,65.5,11.5,0.6,0.1,26.3,3.1,366.3,36.0,6.9,7.8,0.5,0.5,0.8,0.0,3.2,1.3,0.0,21.2,203.5,114.8,104.3,2.1,0.3,0.7,1.0,1.0,6.6,1.1,26.1,50.2,21.300000000000004,8.4,1.0,0.8,1.3,20.3,269.3,54.3,4.6,1.5,0.2,0.4,0.2,0.3,4.0,4.4,148.7,177.6,219.3,168.3,18.4,16.4,22.5,8.0,0.0,0.0,94.1,77.7,87.5,109.6,19.1,8.5,0.2,0.0,0.4,1.4,1156.3,202.0,119.7,50.0,5.4,4.1,217.0,90.3,0.9,4.2,0.1,0.1,106.7,19.6,1.3,1.0,0.4,0.2,5.2,0.2,3.8,0.5,0.2,0.9,0.1,0.1,11.1,14.6,0.0,0.1,0.0,0.0,0.0,0.1,0.0,0.1,0.7,0.2,18.9,0.1,26.2,26.4,0.8,3.3,0.5,2.8,0.0,0.0,0.1,0.8,0.0,0.3,0.0,0.2,0.7,3.3,0.0,0.0,0.0,0.0,692.3,1485.1,11.7,34.0,39.3,43.6,0.0,0.5,0.0,0.0,0.0,0.1,0.0,0.2,0.1,3.0,0.0,0.0,0.0,1.3,0.1,2.8,0.0,0.4,0.0,0.0,0.2,0.2,0.0,0.5,4.2,1.4,0.0,0.0,1.4,3.9,26.7,0.7,0.6,1.7,40.1,15.0,0.2,0.0,40.6,98.4,0.0,0.0,19.0,0.3,2.7,5.6,11.2,7.7,0.7,7.6,16.3,39.3,1.1,3.9,0.0,0.0,0.0,0.1,771.0,494.9
2024-11-01 00:00,2024,November,9.4,0.0,13.4,150.2,796.5,1190.2,3223.6,2129.2,6543.0,7339.5,7503.1,38.2,14.6,108.1,0.0,4525.9,125.4,4441.8,4735.9,113.63359291980964,115.46450993114613,50.0,9.3,304.5,97.4,277.5,226.3,5.4,1.3,24.7,6.6,236.3,97.8,427.4,209.4,51.3,8.0,329.7,281.9,32.1,14.7,72.4,25.3,17.9,0.4,4.3,6.2,6.7,11.5,5.2,17.0,12.7,35.6,13.2,3.5,195.6,67.8,43.2,38.8,15.4,6.1,32.3,4.6,101.7,10.2,179.8,119.8,21.3,35.3,5.3,1.7,35.3,66.6,67.8,15.4,0.8,0.2,25.3,2.8,345.7,42.5,23.7,17.7,0.4,0.3,0.7,0.1,3.7,1.6,0.0,0.0,229.6,114.4,47.5,1.7,0.6,0.9,0.9,1.0,7.0,2.3,36.3,56.2,9.3,7.5,3.8,1.2,2.0,28.2,206.4,48.5,5.8,2.7,1.3,1.3,0.1,0.0,5.8,4.2,133.5,208.8,202.5,116.8,14.3,13.6,20.5,8.2,0.1,0.0,86.4,94.5,112.8,94.1,35.7,7.4,0.4,0.0,1.0,3.9,1255.6,214.9,131.2,66.0,5.5,1.5,198.8,69.1,1.2,5.6,0.1,0.1,98.6,57.5,0.7,0.2,0.1,0.2,1.6,0.8,7.5,0.8,0.3,0.4,0.0,0.3,11.5,21.0,0.0,0.4,0.0,0.0,0.0,0.3,0.1,0.1,0.9,0.4,13.4,0.5,26.4,14.0,1.0,4.4,0.5,2.0,0.1,0.1,0.2,3.3,0.0,0.0,0.0,0.0,1.0,3.3,0.0,0.0,0.0,0.7,702.6,1629.5,6.4,35.2,36.7,40.4,0.1,0.4,0.0,0.0,0.0,0.0,0.0,0.6,0.0,4.0,0.0,0.0,0.0,1.9,0.1,2.4,0.0,0.0,0.0,0.0,0.0,0.1,0.1,0.7,5.9,1.1,0.0,0.0,1.1,4.9,19.5,10.3,0.2,2.0,31.8,9.7,0.5,0.0,24.2,69.6,0.1,0.1,13.8,0.2,2.2,8.3,12.9,7.7,1.4,8.9,10.5,46.7,1.1,4.9,0.0,0.0,0.0,0.0,761.4,416.8
2024-12-01 00:00,2024,December,6.7,0.0,28.0,187.7,533.9,2257.3,3670.4,2869.3,8797.0,9330.9,9546.6,40.9,25.3,48.4,0.0,4913.0,143.7,4963.9,5089.5,129.49875028155697,146.45806970237274,65.1,6.299,358.7,92.7,212.8,257.199,6.3,1.0,33.9,6.299,370.0,112.9,787.2,161.3,40.0,8.3,350.2,261.399,39.5,23.0,80.7,75.799,25.4,2.899,7.3,3.2,13.2,7.4,5.4,20.899,16.3,33.399,39.0,3.899,247.1,62.5,59.6,44.5,24.7,6.0,24.2,7.599,130.4,8.8,313.8,94.099,28.8,81.7,30.8,1.6,40.8,100.2,91.8,18.8,0.2,0.3,33.7,4.2,418.9,45.299,9.3,18.3,2.5,0.5,0.9,0.0,5.0,1.6,0.1,15.5,260.0,144.4,57.1,1.0,0.5,0.9,1.3,0.5,6.5,2.299,28.0,43.7,12.9,7.099,2.3,3.399,0.6,26.399,195.5,53.6,8.3,2.7,1.3,0.7,0.1,0.1,3.8,17.6,135.3,227.5,268.2,175.5,17.4,18.699,32.6,19.6,0.0,0.5,161.9,119.3,245.1,105.8,35.6,8.699,0.3,0.0,0.3,0.9,2002.5,255.5,121.6,79.0,4.0,10.5,327.4,95.799,0.8,4.799,0.6,0.0,130.2,26.8,1.2,1.8,0.1,0.2,1.6,1.0,21.9,0.7,0.0,0.4,0.0,0.0,12.2,12.3,0.0,0.4,0.0,0.2,0.9,0.4,0.1,0.7,0.7,0.8,21.4,0.4,32.7,26.0,0.7,18.5,0.7,1.399,0.2,0.0,0.3,3.399,0.0,0.0,0.0,0.8,0.5,4.2,0.0,0.1,0.0,0.2,822.9,1484.599,11.5,25.1,40.5,65.0,0.0,0.7,0.0,0.0,0.0,0.0,0.0,0.4,0.3,3.5,0.0,0.0,0.0,0.6,0.3,7.0,0.0,0.3,0.0,0.0,0.0,0.2,0.1,0.3,5.0,0.7,0.0,0.1,1.6,1.899,12.5,3.399,0.6,9.599,17.7,16.899,0.4,0.1,23.5,112.599,1.0,0.2,19.4,1.2,1.8,8.8,18.6,9.3,2.1,8.699,12.2,41.799,0.7,5.0,0.0,0.1,0.0,0.0,548.6,677.1
2025-01-01 00:00,2025,January,0,0,28.4,150.5,876,1022.4,3370.8,1922,6315.3,7191.3,7370.1,44.1,82.5,194.2,0,4354.7,205.7,4468.5,4793,,,33.1,8.599,252.4,105.3,175.6,252.9,5.1,1.0,23.8,5.0,197.7,104.4,442.4,165.9,29.1,43.799,334.6,260.399,21.5,24.199,68.1,27.8,23.2,1.7,5.6,2.299,8.7,5.299,5.4,13.0,11.4,36.2,5.4,1.399,139.3,74.599,49.0,43.7,55.5,6.4,20.5,15.4,70.6,11.4,187.8,154.4,20.3,37.7,3.8,3.6,28.7,34.299,67.4,9.699,0.4,0.1,18.1,4.5,471.5,41.2,9.0,11.699,0.3,0.5,2.2,0.0,4.5,1.6,0.0,22.199,198.3,135.3,70.5,1.8,0.5,6.799,1.3,0.2,5.3,1.2,38.2,48.0,13.0,8.699000000000002,1.6,1.899,1.1,15.3,206.8,44.6,6.8,2.2,0.9,1.1,0.0,0.0,2.1,3.6,148.3,209.699,255.5,180.9,13.4,27.199,30.0,25.3,0.0,0.0,153.5,72.9,52.7,85.7,33.6,8.599,0.4,0.8,0.4,0.5,1056.4,185.599,145.9,58.7,5.2,4.9,214.7,87.0,0.8,4.0,0.4,0.1,100.1,23.0,1.0,1.7,0.6,0.2,2.6,1.0,3.0,1.399,0.2,0.6,0.0,0.0,12.0,12.8,0.0,1.0,0.0,0.0,0.0,0.4,0.1,0.2,0.3,1.399,14.8,0.1,27.1,25.8,0.7,3.399,0.2,1.7,0.0,0.1,0.2,0.1,0.0,0.3,0.0,1.399,1.0,6.2,0.0,0.1,0.0,5.2,770.7,1573.8,17.6,34.299,42.8,58.7,0.0,0.8,0.0,0.0,0.0,0.2,0.0,0.1,0.1,3.299,0.0,0.0,0.0,0.7,0.2,3.299,0.0,0.1,0.0,0.0,0.0,0.2,0.0,0.4,1.4,1.3,0.0,0.1,0.9,2.0,16.4,1.1,0.4,9.4,15.5,16.8,0.1,0.1,19.7,100.5,0.6,0.1,7.7,1.0,2.5,4.9,22.3,5.799,0.8,6.799,16.0,44.1,1.1,2.799,0.0,0.0,0.0,0.0,881.1,390.5
2025-02-01 00:00,2025,February,1.8,0.0,2.5,161.4,678.1,1019.2,3128.5,2052.1,6199.8,6877.9,7041.8,34.5,54.9,143.2,0.1,4216.6,180.7,4339.3,4561.0,112.48791979734062,107.53630707652084,58.6,7.5,306.9,129.7,159.5,247.1,4.7,0.7,29.6,5.9,226.2,104.8,472.9,181.0,40.9,7.5,314.3,228.9,39.1,39.6,84.2,24.0,20.3,3.1,4.5,2.7,7.8,9.8,7.2,15.2,27.9,44.1,7.3,2.6,157.0,105.0,64.5,47.8,38.4,5.9,24.4,6.7,51.7,12.9,186.1,150.4,16.1,37.6,5.0,4.9,36.9,45.7,56.3,16.6,0.1,3.4,17.2,4.7,386.5,49.1,8.1,13.1,0.4,0.2,0.4,0.1,3.4,1.6,0.2,15.8,327.4,169.5,75.0,0.6,0.3,0.7,1.0,0.4,4.4,2.2,24.6,46.7,12.499999999999998,5.3,0.8,0.8,1.1,13.0,180.0,33.9,5.9,6.3,0.2,0.9,0.4,0.9,5.6,3.7,151.8,246.1,225.4,167.5,19.5,17.1,25.7,9.7,0.0,0.0,75.5,89.3,66.5,68.4,38.2,8.3,0.3,0.8,0.9,0.8,1071.2,155.9,102.4,51.7,5.0,5.2,207.4,79.2,0.9,2.9,0.5,0.1,119.0,46.4,0.4,4.5,0.1,0.0,4.1,0.9,2.8,2.5,0.0,0.9,0.0,0.2,13.8,11.6,0.0,0.2,0.0,0.0,0.0,0.2,0.0,0.0,0.7,1.7,0.4,0.2,22.2,9.3,1.3,6.1,0.4,1.7,0.0,0.5,0.3,0.4,0.0,0.0,0.1,0.0,1.6,5.0,0.0,0.1,0.0,1.0,702.8,1275.3,6.4,33.9,45.9,66.0,0.0,1.1,0.0,0.0,0.0,0.1,0.0,0.3,0.0,2.8,0.0,0.0,0.0,0.4,0.1,2.3,0.0,0.1,0.0,0.0,0.0,0.2,0.0,0.3,3.1,1.0,0.0,0.1,1.1,1.6,23.0,8.7,0.7,2.6,23.5,13.4,0.3,0.1,23.0,81.0,0.0,0.0,5.9,0.2,2.8,9.5,19.9,11.4,0.7,11.8,16.3,33.2,0.2,3.8,0.0,0.1,0.0,0.0,697.6,466.7
2025-03-01 00:00,2025,March,3.1,0.0,56.2,194.5,641.1,1302.2,3693.8,2430.9,7426.9,8068.0,8318.7,37.6,40.3,164.5,0.0,5204.5,199.7,5325.9,5571.3,138.68448985069347,125.51316601143915,62.9,8.8,366.1,96.1,144.4,200.0,6.5,1.0,28.3,5.7,274.0,98.8,585.9,750.7,49.2,10.3,392.1,184.2,36.8,22.8,75.0,32.9,17.3,7.6,6.5,3.2,19.9,10.3,13.5,1.8,19.3,56.6,7.6,1.3,236.2,112.9,64.8,54.9,25.0,8.3,33.7,29.0,112.3,16.4,213.2,148.0,16.9,77.1,3.1,5.8,49.1,48.1,93.1,11.4,0.3,0.4,17.5,6.8,439.8,55.9,9.5,11.0,0.5,0.7,1.2,0.0,4.6,1.3,0.0,0.1,244.0,137.7,84.4,1.0,0.6,1.7,1.2,0.2,7.4,2.7,28.4,44.4,14.999999999999998,9.8,1.6,20.9,1.3,27.3,223.2,66.0,8.1,1.8,0.6,1.7,0.3,0.4,5.3,3.8,185.7,279.5,300.1,152.2,14.4,14.0,24.3,9.8,0.0,0.1,77.0,141.9,67.5,64.6,53.4,7.3,0.5,0.1,0.3,2.0,1274.8,212.6,122.6,65.5,5.8,7.1,290.2,113.0,1.7,4.4,1.0,0.2,116.5,25.9,2.0,3.1,0.0,0.0,7.5,0.6,11.5,1.5,0.0,1.0,0.0,0.0,18.0,15.2,0.0,0.7,0.0,0.0,0.0,0.3,0.0,0.9,0.8,1.3,9.0,0.4,29.8,22.7,0.9,6.8,0.5,1.6,0.6,0.2,0.5,0.1,0.0,0.1,0.0,0.4,1.7,5.4,0.0,0.1,0.0,0.5,889.2,1557.1,11.8,34.9,53.2,58.2,0.0,0.4,0.0,0.0,0.0,0.2,0.0,0.5,0.6,2.5,0.0,0.0,0.0,0.6,0.5,2.5,0.0,0.1,0.0,0.0,0.0,0.4,0.0,0.7,4.5,0.5,0.0,0.1,1.9,2.6,34.2,0.9,0.5,3.3,33.4,13.9,0.2,0.0,32.2,79.5,0.0,0.2,16.6,1.4,3.8,9.2,12.9,9.2,0.4,8.6,9.4,32.4,0.5,7.1,0.0,0.0,0.0,0.0,621.2,362.6
2025-04-01 00:00,2025,April,2.9,0.0,173.8,116.9,728.3,1215.7,3495.0,2026.9,6737.6,7465.9,7756.6,37.1,64.1,248.3,0.0,3893.1,117.0,3904.4,4285.4,100.759687370772,116.19193449315088,55.7,6.3,316.4,104.0,180.9,57.7,10.8,0.9,47.4,6.6,261.7,111.6,547.7,147.8,53.4,8.3,315.8,198.4,23.0,9.7,97.2,19.3,13.2,2.9,7.0,2.2,8.5,4.0,7.1,18.1,17.5,45.5,7.2,2.4,204.7,85.9,67.7,51.0,26.7,9.0,37.8,9.8,58.4,14.0,220.9,157.5,18.5,49.5,2.7,2.1,49.2,18.2,80.1,10.4,0.3,0.1,14.1,3.6,461.2,43.2,10.1,6.3,0.3,0.4,1.7,0.1,4.2,2.0,0.0,0.0,203.7,116.7,87.3,0.9,0.7,0.9,0.8,0.2,6.8,2.4,21.5,42.1,14.4,12.8,2.2,1.6,1.3,8.9,165.3,75.5,8.8,2.5,0.9,1.5,1.5,0.1,7.4,2.8,143.1,183.6,209.3,130.6,13.8,16.5,22.5,13.8,0.0,12.3,85.6,98.8,82.4,107.9,52.9,6.9,0.1,0.0,0.3,0.6,1028.4,186.6,168.9,51.5,5.4,6.0,216.0,78.2,0.7,2.4,1.0,0.1,100.9,36.3,1.1,0.0,3.5,0.2,2.5,1.0,10.2,0.9,0.3,0.7,0.0,0.0,16.6,10.5,0.0,0.0,0.0,0.0,0.0,0.2,0.0,0.2,0.4,0.6,10.2,0.5,29.1,16.0,0.6,10.1,1.9,1.6,0.7,0.0,0.4,0.3,0.0,0.0,0.0,0.4,1.4,3.6,0.0,0.0,0.0,0.1,952.9,1200.3,9.7,34.5,38.8,45.8,0.0,0.8,0.0,0.0,0.0,0.1,0.0,0.4,0.4,2.7,0.0,0.0,0.0,0.3,0.1,2.1,0.0,0.2,0.0,0.0,0.0,0.1,0.0,0.8,2.1,0.8,0.0,0.1,3.4,2.5,25.5,1.2,0.7,2.3,26.6,9.5,0.1,0.0,35.3,66.8,0.0,0.1,10.2,0.4,1.7,7.4,12.6,9.4,1.5,9.5,13.9,31.5,1.2,3.8,0.0,0.0,0.0,0.1,730.0,375.5
2025-05-01 00:00,2025,May,2.8,0.0,6.7,144.1,579.9,1454.7,3473.0,2075.3,7003.0,7582.9,7733.7,42.7,49.9,133.9,0.0,4163.9,77.0,4194.3,4382.0,106.6685811685418,117.56350067179362,61.7,8.9,289.1,115.3,168.8,24.9,9.7,1.2,24.3,7.1,304.6,111.9,557.8,194.3,51.7,25.8,342.3,222.2,32.5,8.6,84.2,28.8,10.2,5.5,5.4,5.1,16.9,4.8,16.4,1.0,12.1,43.7,15.0,4.1,188.9,95.1,59.1,44.4,42.9,9.9,35.2,7.6,60.6,36.0,199.8,110.0,20.2,65.5,2.2,3.3,36.3,37.9,70.9,14.3,4.8,0.2,17.7,4.4,376.3,61.1,16.5,9.2,0.9,0.4,1.1,0.1,5.9,1.9,0.0,0.0,220.4,143.4,77.6,1.3,0.6,9.3,1.2,0.2,5.3,1.2,31.7,38.3,9.2,5.0,1.9,3.3,1.1,11.0,197.3,35.5,6.1,1.2,0.5,0.4,1.1,0.1,7.6,2.1,164.9,219.3,309.4,128.2,10.3,12.7,27.6,38.7,0.0,0.0,170.8,130.8,61.5,67.6,51.6,8.9,0.1,0.0,0.2,0.7,1232.3,221.5,123.5,65.7,7.4,10.4,208.2,95.5,0.8,2.8,2.0,0.0,104.1,27.5,0.8,0.9,0.0,0.2,2.3,0.5,7.3,0.6,0.3,1.1,0.1,0.0,10.8,19.0,0.0,0.1,0.0,0.1,0.0,0.0,0.0,0.2,0.4,0.7,20.9,0.1,31.8,22.7,1.0,6.7,0.9,2.0,0.2,0.1,0.1,0.2,0.0,0.1,0.0,0.0,1.0,6.5,0.0,0.2,0.0,0.2,726.4,1277.5,6.6,35.5,51.3,48.6,0.0,0.8,0.0,0.0,0.0,0.0,0.0,0.7,0.1,2.7,0.0,0.0,0.0,0.7,0.1,2.5,0.0,0.1,0.0,0.0,0.0,0.2,0.0,0.2,2.0,0.6,0.0,0.4,2.1,4.0,23.1,1.1,0.6,3.6,29.9,15.0,0.1,0.0,28.4,100.2,0.0,0.2,18.1,0.4,2.0,7.6,11.3,7.3,2.0,6.5,18.7,39.8,0.9,5.9,0.0,0.0,0.0,0.0,606.1,419.4
2025-06-01 00:00,2025,June,1.5,0.0,6.1,127.8,746.7,1123.2,3153.1,1696.0,5972.3,6719.0,6852.9,40.2,22.8,13.3,0.0,3749.4,49.0,3731.6,3794.3,95.9452944701346,102.67041319422997,61.5,9.5,303.0,59.2,215.7,79.8,10.4,0.5,34.8,5.2,184.9,161.2,455.5,183.2,51.3,4.6,317.3,179.3,28.7,21.1,78.2,39.0,12.0,0.6,4.5,5.0,10.8,6.7,20.5,20.4,13.4,16.6,8.3,1.5,165.7,76.1,64.1,43.4,32.5,7.1,38.6,3.5,84.5,11.1,173.6,70.7,19.2,65.5,3.0,2.8,29.4,16.6,96.3,9.3,0.2,0.7,21.7,2.6,397.1,32.0,9.6,7.2,0.6,0.1,0.9,0.1,6.2,1.1,0.0,0.0,179.1,138.9,71.1,0.1,0.6,0.3,0.9,0.2,8.4,0.8,41.2,27.2,9.499999999999998,7.9,2.5,2.2,1.3,16.2,164.8,15.7,7.3,2.5,0.4,0.6,1.3,0.0,3.8,1.8,116.4,151.8,217.8,127.9,8.8,12.9,24.3,16.8,0.0,0.0,173.3,54.1,56.7,62.4,40.3,6.5,0.3,0.0,0.1,1.3,904.3,194.3,129.9,40.0,4.2,3.8,151.8,72.3,1.1,2.4,1.7,0.1,96.0,24.4,0.2,0.2,0.0,0.3,2.8,0.2,3.3,1.7,0.2,0.8,0.0,0.0,8.3,14.6,0.0,0.0,0.0,0.0,0.0,0.0,0.1,0.4,9.5,0.1,10.0,0.1,19.3,23.0,1.5,9.5,0.4,1.6,0.1,0.0,0.2,0.9,0.2,0.0,0.0,0.1,1.0,3.0,0.0,0.0,0.0,0.2,585.3,913.9,4.2,36.1,31.3,39.7,0.0,0.7,0.0,0.0,0.0,0.0,0.0,0.0,0.0,2.2,0.0,0.0,0.0,0.3,0.1,1.3,0.0,0.4,0.0,0.0,0.2,0.1,0.0,0.1,1.4,0.6,0.0,0.0,2.3,1.8,21.7,9.3,0.5,2.9,13.6,10.8,0.1,0.2,22.8,61.4,0.0,0.2,16.0,0.6,1.7,6.9,4.1,5.8,0.8,5.7,10.4,38.6,1.7,3.7,0.0,0.1,0.0,0.0,724.2,475.7
2025-07-01 00:00,2025,July,2.9,0.0,48.7,250.1,557.1,1563.1,4276.3,2633.9,8473.3,9030.4,9329.2,44.0,69.2,91.8,0.0,4901.0,78.2,4848.0,5096.3,123.7380370650056,137.31292503249432,60.0,25.0,389.6,88.6,251.4,70.6,7.0,2.0,31.9,8.3,300.1,126.1,681.3,283.0,61.1,9.8,326.5,238.7,60.8,16.9,161.5,41.1,19.0,0.9,7.0,4.0,10.5,11.6,18.2,19.2,20.3,33.3,19.4,2.1,205.1,116.1,74.8,58.1,30.1,6.4,40.2,13.7,74.7,36.3,245.4,119.2,28.5,8.3,1.8,0.9,58.4,29.9,127.0,15.9,0.3,0.4,21.4,6.3,492.4,58.1,12.5,10.6,0.4,0.7,0.5,0.0,6.8,2.1,0.0,18.0,362.2,133.6,74.3,0.4,0.5,7.5,1.6,0.8,13.1,1.2,30.9,41.8,18.1,6.9,4.4,4.6,1.6,23.5,233.2,59.8,12.6,2.0,0.8,1.3,1.7,0.0,5.9,17.1,177.4,232.5,350.2,174.5,13.7,29.6,34.2,11.5,0.0,0.0,125.8,79.4,103.5,94.2,53.2,6.6,0.6,0.0,0.8,2.0,1606.7,356.3,158.6,66.5,6.0,7.3,260.7,117.3,1.1,2.9,1.5,0.0,161.3,43.8,0.8,0.8,1.0,0.2,3.1,1.0,20.9,2.3,0.6,0.4,0.0,0.0,17.7,22.9,0.0,1.4,0.0,0.0,0.5,0.4,0.0,0.0,0.4,1.8,16.9,0.3,28.2,15.1,1.4,7.3,0.6,2.9,0.1,0.3,0.2,0.0,0.2,0.2,0.0,0.0,0.8,4.0,0.0,0.0,0.0,0.1,874.6,1498.5,16.0,38.6,57.5,54.2,0.1,0.6,0.0,0.0,0.0,0.1,0.0,0.7,0.1,4.9,0.0,0.0,0.0,0.3,0.1,3.0,0.0,0.5,0.0,0.0,0.0,0.3,0.4,1.2,2.9,1.1,0.0,0.3,2.1,5.1,19.9,1.6,0.5,3.7,21.9,14.8,0.4,0.1,22.7,109.1,0.0,1.0,14.9,0.3,1.7,5.8,9.6,10.5,0.8,8.5,15.6,122.5,2.9,5.8,0.0,0.1,0.0,0.0,563.8,466.2
2025-08-01 00:00,2025,August,2.5,0.0,28.8,168.9,542.4,1227.0,3684.2,2256.0,7167.2,7709.6,7907.3,35.9,64.0,147.8,0.0,4230.7,72.3,4222.8,4479.0,107.71937417186004,117.72060720973349,56.4,15.2,311.2,60.7,188.2,136.8,5.3,1.2,27.6,4.6,216.5,91.1,565.0,186.6,70.4,6.6,334.3,196.2,43.8,14.4,131.1,24.1,12.7,0.4,5.3,8.6,7.9,7.8,19.3,22.7,11.9,18.6,12.0,2.7,205.3,72.3,60.1,36.6,24.6,4.0,25.9,4.5,53.5,11.0,252.4,102.5,17.9,5.0,1.9,0.8,34.0,24.2,88.7,10.1,0.3,0.4,19.2,4.4,392.4,47.6,10.4,10.8,0.5,0.6,0.4,0.1,4.9,1.9,0.0,0.0,237.2,121.9,73.4,1.6,0.4,7.0,1.8,0.7,5.9,1.4,22.4,28.8,12.6,6.500000000000001,1.6,1.4,0.7,45.3,238.3,60.3,8.3,2.5,0.7,0.9,2.0,0.0,4.0,5.9,136.2,256.7,255.0,127.8,14.1,17.2,42.3,14.4,0.0,0.0,93.0,109.5,76.5,69.1,47.4,8.7,0.6,0.0,0.4,2.7,1321.0,287.7,128.3,73.1,6.4,3.8,230.1,121.8,0.6,6.4,2.6,0.1,159.9,42.7,1.6,1.2,0.6,0.4,2.8,0.4,10.4,1.1,0.3,1.0,0.0,0.0,9.2,14.6,0.0,0.3,0.0,0.0,0.0,0.2,0.0,0.5,0.2,0.5,6.2,0.1,25.0,11.3,1.1,6.9,0.5,2.8,0.9,0.0,0.3,0.0,0.1,0.1,0.0,0.0,0.9,3.0,0.0,0.1,0.0,1.2,786.3,1235.2,8.4,29.6,60.6,56.4,0.0,1.0,0.0,0.0,0.0,0.0,0.0,0.3,0.5,2.8,0.0,0.0,0.0,0.8,0.1,2.7,0.0,0.6,0.0,0.0,0.0,0.3,0.0,0.0,2.3,1.1,0.0,0.0,1.6,3.1,31.2,1.1,0.7,4.0,35.2,10.0,0.1,0.2,25.1,62.4,0.0,0.1,9.7,4.7,3.9,4.7,5.5,8.1,1.2,7.6,14.4,36.9,1.9,3.8,0.0,0.0,0.0,0.0,576.3,457.2
2025-09-01 00:00,2025,September,1.1,0.1,43.9,123.7,598.2,1235.6,3567.1,2296.7,7099.5,7697.7,7865.3,35.9,30.5,86.3,0.0,4220.0,105.4,4204.3,4406.3,104.13139419589,117.41772439845649,62.3,19.7,243.1,125.5,196.7,79.8,6.9,1.0,22.1,6.5,257.1,93.5,540.5,208.9,98.1,9.3,383.7,208.7,28.8,13.8,85.6,42.8,17.9,1.0,4.1,4.4,15.2,5.2,24.5,3.7,13.5,22.9,11.7,2.2,170.1,84.1,54.6,45.7,42.2,22.3,27.0,2.0,71.2,84.9,214.8,123.0,20.9,7.5,4.1,2.7,36.5,14.7,105.5,13.5,0.1,0.3,23.6,2.3,414.9,47.9,10.9,5.3,0.4,0.5,0.4,0.1,3.9,1.0,0.0,0.0,201.0,124.0,74.1,1.6,0.5,0.7,1.2,1.1,5.8,9.1,36.3,46.5,8.7,6.1,1.9,0.9,1.7,55.2,244.3,56.7,11.5,2.5,0.8,0.8,0.6,0.1,3.4,7.1,143.2,156.1,298.3,179.3,13.8,26.7,34.7,10.3,0.0,12.2,103.0,88.9,75.0,71.9,39.6,11.7,0.4,0.0,0.4,1.7,1281.5,289.4,148.9,60.7,6.1,4.5,184.9,81.7,0.4,11.6,1.1,0.1,97.4,22.2,0.8,1.6,0.0,0.2,4.2,0.9,6.6,1.5,0.0,0.8,0.0,0.0,5.6,16.1,0.0,0.8,0.0,0.0,0.0,0.1,0.2,0.6,0.1,0.4,23.6,0.2,34.1,13.4,1.0,4.0,0.5,2.5,0.7,0.3,0.3,1.4,0.7,0.1,0.0,0.0,1.0,4.4,0.0,0.2,0.0,1.2,826.2,1243.1,7.6,31.0,46.3,57.0,0.0,1.2,0.0,0.0,0.0,0.0,0.0,0.1,0.3,3.3,0.0,0.0,0.0,0.7,0.0,2.7,0.0,0.1,0.0,0.0,0.2,0.1,0.0,0.7,2.1,1.6,0.0,0.1,1.2,4.3,35.1,0.7,1.0,2.5,28.4,30.6,0.4,0.1,32.9,81.4,0.1,0.1,11.7,1.6,3.5,6.3,4.5,5.2,0.8,9.8,11.8,40.4,1.8,3.7,0.0,0.0,0.0,0.1,587.8,591.3
2025-10-01 00:00,2025,October,2.3,0.0,5.4,120.6,680.0,1258.0,3244.7,2112.3,6615.0,7295.0,7421.0,28.1,18.8,109.6,0.0,4342.5,115.2,4328.5,4558.0,107.084854894829,111.76334916548318,56.3,16.7,312.1,147.3,229.3,121.2,6.9,0.8,20.5,6.8,217.2,127.2,545.4,217.3,43.9,37.3,300.2,226.9,42.3,12.5,70.7,35.7,12.7,5.8,5.3,2.3,11.3,4.3,16.6,34.0,20.7,25.9,9.7,3.5,165.1,58.3,53.3,42.7,14.4,6.1,23.6,6.5,77.9,9.6,184.2,115.4,23.3,63.2,1.6,2.4,35.0,16.4,71.5,23.8,0.1,0.3,24.5,2.3,416.4,47.1,7.6,5.0,0.3,0.5,0.4,0.1,2.8,1.0,0.0,0.0,230.7,119.4,73.5,3.4,0.5,1.2,1.1,0.3,6.3,4.3,26.4,40.4,12.2,6.7,1.0,1.1,1.5,44.7,211.2,49.7,7.9,1.8,0.8,0.5,1.9,4.8,3.3,3.8,148.1,129.4,205.5,148.4,13.8,10.7,26.1,9.5,0.0,0.2,64.5,75.7,76.9,79.7,34.5,6.6,0.2,0.0,0.6,1.9,1109.8,197.6,100.2,72.2,6.2,4.3,229.3,83.8,0.6,8.2,0.5,0.0,121.0,30.2,0.6,1.7,0.0,0.1,6.1,1.1,8.3,1.1,0.0,0.8,0.0,0.0,5.0,13.5,0.0,0.1,0.0,0.1,0.0,0.2,0.0,0.1,0.9,0.7,5.0,0.2,29.8,11.0,0.8,8.1,0.4,1.3,3.0,0.3,0.1,2.8,0.4,0.0,0.1,0.0,1.7,3.4,0.0,0.0,0.0,0.7,812.7,1245.0,13.3,36.0,41.0,43.9,0.0,0.6,0.0,0.0,0.0,0.1,0.0,0.1,0.6,5.0,0.0,0.1,0.0,0.5,0.1,1.6,0.0,0.9,0.0,0.0,0.0,0.2,0.0,0.4,1.9,1.7,0.0,0.0,1.2,3.7,32.7,1.1,0.5,4.6,29.9,20.4,0.3,0.1,31.5,74.2,0.1,0.1,20.3,0.3,4.8,6.5,10.1,5.5,0.8,7.1,11.0,31.5,0.5,3.1,0.0,0.0,0.0,0.0,678.3,719.0
2025-11-01 00:00,2025,November,2.9,0.0,111.9,225.8,642.4,1419.6,3635.7,2335.7,7391.0,8033.4,8371.1,31.9,27.4,116.6,0.0,4755.6,143.1,4739.1,5010.8,117.27346326253394,123.18517769338229,61.5,11.2,318.6,157.3,254.8,98.6,6.9,3.1,26.8,27.6,278.4,129.5,505.5,254.9,67.8,6.8,492.2,229.3,36.0,23.1,77.4,40.9,14.3,1.0,4.9,2.3,8.2,9.3,16.8,18.5,10.5,29.7,11.2,4.0,197.1,86.8,48.5,61.1,34.8,4.4,25.3,11.7,94.8,15.6,236.8,110.5,22.0,50.4,4.1,1.8,46.5,54.0,69.9,36.2,0.4,0.2,24.9,3.7,473.0,59.8,13.4,7.6,0.6,0.4,0.2,0.0,2.7,0.9,0.0,0.0,269.1,131.8,79.9,3.4,0.9,1.0,1.3,3.0,6.6,4.9,28.2,54.6,12.2,5.6,3.4,1.3,1.9,48.2,242.7,75.3,10.2,1.7,1.0,1.2,2.1,0.1,4.3,3.3,159.3,195.1,245.4,162.4,13.3,11.5,43.7,12.6,0.0,1.4,92.7,68.7,108.8,77.9,45.9,9.6,0.2,0.0,0.5,2.0,1302.0,208.7,145.4,92.8,5.1,5.6,239.0,101.6,1.1,7.9,0.8,0.1,161.5,36.4,0.4,0.8,0.8,0.1,3.5,1.0,11.3,1.4,0.0,1.0,0.0,0.0,6.8,12.9,0.0,0.1,0.0,0.1,0.0,0.2,0.1,0.2,0.6,1.4,5.4,0.2,43.4,17.9,0.6,14.3,0.4,1.9,0.9,0.2,0.2,0.1,0.0,0.0,0.0,0.9,1.0,4.9,0.0,0.1,0.0,0.4,820.5,1524.4,7.2,30.6,48.5,59.5,0.0,1.2,0.0,0.0,0.0,0.1,0.1,0.2,0.6,3.9,0.0,0.0,0.0,0.4,0.1,2.0,0.0,0.1,0.0,0.0,0.3,0.1,0.1,0.2,2.4,0.9,0.0,0.0,1.2,3.2,26.0,2.3,0.4,4.3,20.9,12.3,0.0,0.1,25.1,92.4,0.0,0.1,13.2,0.6,4.7,7.9,8.0,7.3,0.9,9.8,17.8,40.3,1.3,3.6,0.0,0.0,0.0,0.0,637.0,571.7
2025-12-01 00:00,2025,December,3.2,0.0,28.0,167.3,599.8,1651.2,3908.6,2425.3,7985.1,8584.9,8780.2,40.2,33.1,107.0,0.0,5163.4,152.2,5163.8,5415.5,127.10965290804256,131.53287092048924,79.7,13.0,345.1,131.3,250.8,140.9,7.8,3.1,26.8,19.699,257.1,132.9,586.8,245.5,106.4,13.0,309.6,246.9,32.8,22.399,85.7,46.7,20.7,0.7,7.1,3.299,11.2,11.3,13.3,14.3,14.7,50.2,12.0,2.399,164.7,72.4,58.6,76.799,29.6,8.3,34.9,12.199,100.3,15.8,266.4,122.599,27.8,53.299,2.9,2.5,38.7,59.0,85.6,15.4,0.1,0.2,21.9,3.299,559.2,62.6,12.7,9.9,0.1,0.7,0.3,0.1,8.1,1.6,0.0,11.5,305.1,132.599,84.5,0.0,0.9,2.299,1.4,0.9,7.2,6.0,29.4,46.899,12.0,6.598999999999998,2.2,4.5,0.8,42.6,270.0,51.399,12.0,2.2,0.0,0.7,0.8,1.5,4.3,24.699,161.5,267.3,249.7,248.599,11.5,11.6,41.6,23.0,0.0,0.0,126.8,81.0,125.1,110.4,50.7,11.3,0.2,0.1,0.3,2.399,1547.0,263.699,145.6,110.2,6.0,5.5,341.9,130.9,1.1,4.599,1.4,0.2,120.3,35.5,0.9,2.1,0.1,0.6,3.1,0.7,10.8,0.1,0.2,0.9,0.0,0.0,6.1,14.9,0.0,1.7,0.0,0.0,0.0,0.3,0.7,1.0,0.6,1.2,0.2,0.2,38.7,15.4,1.6,21.8,0.4,2.299,1.1,0.0,0.2,0.4,0.2,0.0,0.0,0.5,1.3,3.6,0.0,0.0,0.0,0.0,783.5,1464.2,7.9,37.399,48.5,72.0,0.0,1.6,0.0,0.0,0.0,0.0,0.0,0.6,0.3,5.4,0.0,0.0,0.1,1.0,0.0,3.299,0.0,1.1,0.0,0.0,0.1,0.1,0.0,0.5,2.3,1.5,0.0,0.1,1.5,2.899,25.1,1.899,0.8,4.0,15.9,9.8,0.1,0.4,21.7,95.299,0.0,0.0,20.0,0.4,5.7,7.4,15.7,9.199,3.3,20.899,13.3,37.6,0.4,4.9,0.0,0.0,0.0,0.0,588.8,706.399
2026-01-01 00:00,2026,January,2.3,0.0,10.4,132.9,711.3,1534.5,3580.6,2235.5,7350.6,8061.9,8205.2,30.3,82.2,153.8,0.0,4715.8,228.2,4812.0,5149.7,118.37975608301451,122.58187927413466,37.4,10.1,225.0,128.8,242.4,182.5,9.2,3.6,22.2,7.299,282.5,126.599,604.2,237.199,69.0,14.0,359.1,200.0,36.7,21.8,70.5,63.7,19.7,1.1,6.2,2.2,13.4,11.699,18.4,32.399,8.2,35.1,10.8,12.1,191.3,83.299,69.8,65.0,31.3,7.599,33.2,4.9,55.8,10.6,209.6,189.9,18.1,67.7,1.9,1.399,23.7,25.5,141.0,11.0,0.5,0.2,23.9,3.799,483.2,51.2,8.0,11.8,0.4,0.7,0.3,0.1,5.8,1.1,0.0,0.0,287.4,133.699,82.1,0.0,0.7,10.199,1.3,0.3,4.4,3.299,18.5,47.1,12.099999999999998,9.798,1.3,2.299,0.8,21.199,255.0,46.899,7.3,3.5,0.8,0.8,1.4,2.2,3.9,4.7,163.9,253.0,223.7,159.699,12.4,14.1,44.5,10.8,0.0,27.899,101.5,61.5,90.2,89.9,40.5,15.199,0.1,0.1,1.4,1.3,1201.6,214.0,127.0,128.5,6.2,6.9,279.9,93.599,0.7,4.799,1.4,0.2,138.0,35.6,0.8,0.5,0.3,0.3,3.5,0.5,5.4,1.399,0.2,0.7,0.0,0.1,4.6,11.5,0.0,0.3,0.0,0.3,0.2,0.1,0.1,0.1,1.0,1.0,0.5,0.3,34.3,17.5,3.1,18.699,0.3,1.899,0.4,0.0,0.3,0.2,0.0,0.0,0.0,0.2,1.0,3.2,0.0,0.2,0.0,0.2,851.6,1481.8,10.0,37.5,54.6,58.899,0.0,0.3,0.0,0.0,0.0,0.1,0.0,1.0,0.7,2.799,0.0,0.0,0.0,0.6,0.1,3.6,0.0,2.5,0.0,0.0,0.0,0.0,0.0,0.1,2.9,1.6,0.0,0.0,2.0,4.5,38.7,1.0,1.1,4.799,23.2,9.8,0.2,0.5,26.9,89.7,0.0,0.2,9.7,0.4,4.6,5.599,16.0,6.9,0.8,8.099,13.2,28.5,0.8,27.8,0.0,0.0,0.0,0.1,737.4,411.5
2026-02-01 00:00,2026,February,3.1,0.0,55.4,110.7,674.1,1794.1,3674.0,2526.5,7994.6,8668.7,8834.8,38.8,29.5,193.2,0.0,4102.5,204.3,4237.1,4490.8,102.94913679668412,129.54885845258192,60.1,13.7,346.9,113.3,220.2,53.2,7.8,1.0,25.2,5.0,239.4,121.4,531.8,172.7,47.9,9.3,409.1,234.3,30.6,28.8,90.1,57.0,14.3,1.3,4.7,3.3,8.6,11.6,28.4,23.6,12.1,51.7,15.8,2.5,176.9,86.7,48.7,47.5,26.8,7.0,28.0,8.0,83.3,13.6,221.9,141.4,21.4,83.3,2.3,1.6,35.5,53.9,66.1,11.6,0.4,0.1,13.5,5.6,581.1,42.2,11.5,20.6,0.6,0.6,0.2,0.0,3.4,1.2,0.2,0.0,233.5,145.5,94.0,0.0,1.0,1.0,1.0,0.2,6.9,2.3,18.9,58.2,16.400000000000002,7.999999999999999,1.6,2.1,1.0,17.8,200.9,51.4,9.8,1.3,0.4,0.8,3.8,6.3,5.9,5.2,148.8,158.3,276.0,144.7,13.8,15.0,49.3,12.2,0.0,0.8,93.4,80.0,78.4,68.2,47.4,8.7,0.4,0.0,1.8,1.7,1529.0,187.3,117.9,59.2,4.5,7.0,276.3,92.7,0.6,6.8,0.3,0.2,95.1,34.9,0.5,1.7,0.5,0.0,1.6,0.7,7.3,0.2,0.2,0.9,0.0,0.0,6.4,14.4,0.0,0.0,0.0,0.3,0.0,0.1,0.0,0.3,0.8,0.7,0.5,0.1,31.3,15.7,1.0,3.8,1.4,1.1,0.2,0.0,0.2,0.4,0.3,0.2,0.0,0.0,1.1,2.5,0.0,0.1,0.0,0.2,872.7,1396.3,6.9,27.0,41.7,62.2,0.0,0.5,0.0,0.3,0.0,0.1,0.0,0.3,0.2,4.1,0.0,0.0,0.0,0.3,0.3,0.9,0.0,0.2,0.0,0.1,0.0,0.9,0.0,0.4,6.9,0.8,0.0,0.1,1.6,2.3,43.7,1.0,0.8,3.0,34.0,7.2,0.2,0.5,25.5,63.7,0.1,0.0,9.5,0.6,5.5,7.1,15.8,23.5,0.9,9.9,13.2,29.6,0.9,4.9,0.1,0.0,0.0,0.0,1012.0,363.3
2026-03-01 00:00,2026,March,2.6,0.0,38.1,57.0,798.8,1484.7,3695.3,2376.9,7556.9,8355.7,8450.8,36.0,8.1,50.8,0.0,4699.2,188.6,4808.8,4910.7,116.75037050544606,123.64922971671642,47.8,11.8,316.3,125.7,222.2,30.9,12.1,1.6,26.2,6.3,226.0,374.8,649.1,267.2,102.6,7.5,345.1,247.7,34.3,33.6,89.8,67.1,15.8,1.1,5.2,3.4,10.5,18.0,24.6,23.1,11.1,54.3,18.0,19.2,158.2,100.1,67.8,59.7,25.8,6.5,35.9,4.3,57.2,17.4,235.4,163.1,25.1,55.7,3.3,1.5,44.1,25.5,114.3,16.5,0.7,0.2,27.6,7.0,522.3,34.6,14.5,18.9,0.7,0.4,0.4,0.1,7.2,0.4,0.0,38.0,270.4,146.2,92.0,3.0,0.5,0.7,1.6,0.1,6.4,3.8,24.0,43.4,13.9,7.5,1.5,0.8,0.6,34.6,211.2,23.3,6.8,3.3,0.5,0.2,1.5,3.0,4.0,6.6,118.0,159.0,228.9,262.8,12.8,11.2,24.8,16.8,0.0,2.1,82.4,124.9,71.8,69.0,49.6,13.2,0.2,0.0,3.2,1.2,1344.5,220.7,120.0,64.8,4.8,2.1,284.4,146.0,0.8,5.5,1.0,0.0,138.0,44.0,0.4,0.3,0.4,0.2,2.3,0.3,2.1,0.0,0.0,1.1,0.0,0.0,22.7,14.2,0.0,0.0,0.0,0.1,0.0,0.0,0.0,0.1,14.6,0.6,0.4,0.3,23.9,33.8,1.0,31.1,0.7,1.9,0.2,0.1,0.0,0.0,0.3,0.2,0.0,0.4,0.3,3.3,0.0,0.2,0.0,0.2,721.4,1431.5,7.6,42.7,53.0,83.0,0.0,1.9,0.0,0.1,0.0,0.1,0.0,0.8,1.0,4.8,0.0,0.0,0.0,1.4,0.0,2.7,0.0,0.0,0.0,0.0,0.0,0.9,0.0,0.2,5.6,1.2,0.0,0.3,1.5,2.8,48.3,1.6,1.0,5.2,46.6,15.4,0.1,0.0,23.7,105.7,0.0,0.1,13.4,0.5,3.5,10.9,12.2,10.2,1.7,10.5,12.5,40.9,0.8,7.9,0.0,0.0,0.0,0.0,829.2,231.5
2026-04-01 00:00,2026,April,3.8,0.0,14.1,122.9,1261.5,1555.4,3913.6,2360.2,7829.2,9090.7,9227.7,28.3,25.5,57.5,0.0,4545.5,124.6,4614.6,4724.8,,,69.3,12.4,336.4,104.6,296.4,23.6,10.7,0.4,24.5,5.5,219.6,271.5,655.9,195.3,40.1,7.6,343.5,192.5,39.2,24.6,84.7,32.7,12.5,1.0,17.0,1.5,11.1,14.1,42.5,61.6,26.0,36.9,14.8,3.2,176.9,150.0,62.9,54.8,27.3,8.1,30.5,6.0,72.3,13.9,225.0,208.9,23.3,101.3,2.4,1.5,58.2,39.0,55.4,11.2,0.3,0.3,16.2,5.7,534.4,89.4,11.9,15.0,0.9,0.7,0.3,0.1,5.4,0.8,0.2,20.9,311.1,103.8,85.6,0.3,0.5,1.4,1.2,0.3,6.4,1.1,19.6,30.2,9.6,13.9,0.9,0.9,1.2,28.8,162.9,42.7,7.4,3.2,1.0,1.1,2.5,0.1,5.9,6.2,172.9,152.6,262.1,158.8,17.9,13.8,44.5,12.3,0.0,2.2,138.2,110.3,89.9,57.4,45.9,10.6,0.3,0.0,0.7,2.9,1268.1,226.0,171.6,76.1,5.3,3.2,227.8,126.2,0.7,4.3,1.1,0.0,134.6,31.1,1.4,0.8,0.7,0.2,2.8,1.1,5.4,3.8,0.0,1.1,0.0,0.0,5.8,18.8,0.0,0.7,0.0,0.2,0.0,0.2,0.0,1.0,1.4,0.7,0.3,0.3,29.0,33.1,3.4,11.3,1.1,1.5,2.4,0.0,0.1,0.3,0.2,0.0,0.0,0.0,0.3,4.6,0.0,0.0,0.0,0.0,892.9,1335.2,5.5,38.3,47.4,64.2,0.0,0.7,0.0,0.1,0.0,0.1,0.0,0.2,0.3,2.1,0.0,0.0,0.0,0.4,0.2,2.6,0.0,1.8,0.0,0.0,0.0,0.0,0.1,0.6,5.6,1.6,0.0,0.1,1.2,2.7,63.4,10.6,0.3,4.4,58.9,17.6,0.3,0.1,42.7,127.3,0.1,0.0,22.6,1.6,4.3,9.7,15.5,7.2,1.8,8.2,11.3,40.6,0.8,6.7,0.2,0.0,0.0,0.0,1284.2,446.7
2026-05-01 00:00,2026,May,2.2,0.0,101.8,157.3,1014.6,1742.2,4272.0,2448.7,8462.9,9477.5,9736.6,43.8,12.8,57.6,0.0,5925.2,95.6,5939.8,6047.4,,,59.1,12.1,364.7,188.0,281.3,37.9,12.9,5.4,29.5,4.8,297.9,265.3,623.9,244.6,56.5,9.4,334.0,284.6,37.1,15.7,124.1,62.0,20.1,1.4,6.3,3.4,10.8,11.2,25.4,0.1,12.4,21.5,30.7,3.4,204.8,139.0,62.5,53.6,53.2,14.9,41.9,4.6,101.9,18.5,229.1,144.7,36.2,87.3,5.4,1.9,41.9,105.2,159.1,21.7,1.1,0.2,15.9,3.2,619.6,73.5,12.2,12.2,0.6,1.0,0.4,0.1,10.9,1.8,0.0,0.0,308.9,133.1,85.1,0.3,0.4,0.9,1.2,0.2,6.9,1.8,20.7,28.5,13.4,16.599999999999998,2.0,1.5,0.7,42.6,219.4,28.8,10.6,2.2,0.8,1.1,2.4,1.6,3.4,3.4,168.7,223.5,287.8,136.6,15.1,14.5,59.8,17.9,0.0,0.0,135.3,175.4,88.8,85.1,51.8,5.7,0.1,0.1,1.0,1.9,1370.6,273.1,217.2,142.0,6.9,4.5,207.5,106.3,1.6,5.4,0.4,0.1,137.3,28.1,0.9,1.0,0.3,0.2,2.9,0.7,6.8,0.4,0.5,1.1,0.0,0.0,5.7,14.0,0.0,0.5,0.0,0.0,0.1,0.0,0.0,0.3,0.8,0.6,0.3,0.4,34.0,33.4,1.7,27.1,0.4,1.5,1.4,0.2,0.1,0.0,0.3,0.0,0.1,0.0,1.3,4.8,0.0,0.0,0.0,0.2,1121.7,1623.2,7.0,55.5,54.1,69.4,0.0,0.6,0.0,0.0,0.0,0.2,0.0,0.3,1.0,5.0,0.0,0.0,0.0,0.9,0.2,3.7,0.0,0.0,0.0,0.0,0.0,0.3,0.0,0.1,4.8,2.2,0.0,0.2,1.5,4.3,31.8,12.9,0.2,4.9,44.7,20.7,0.0,0.1,28.5,108.3,0.1,0.0,19.6,1.8,3.6,9.5,6.7,11.0,2.0,8.0,15.5,54.1,1.7,8.5,0.0,0.0,0.0,0.0,1030.9,848.3
