Date,USD_ILS,EUR_ILS,Brent_Crude_USD,ZIM_Stock_USD,HSFI_Spot_Rate_USD,Haifa_Port_Congestion_Days
2024-07-01 07:00,3.6606,3.9498,82.51,19.14,2388.77,3.4
2024-07-01 19:00,3.6579,3.9418,82.39,19.08,2386.03,3.4
2024-07-02 07:00,3.6427,3.9224,83.7,19.03,2392.82,3.0
2024-07-02 19:00,3.6426,3.9276,83.81,18.96,2399.93,2.9
2024-07-03 07:00,3.6467,3.8859,82.55,19.06,2428.38,3.1
2024-07-03 19:00,3.6477,3.8815,82.73,19.07,2427.3,3.1
2024-07-04 07:00,3.6615,3.903,81.88,18.91,2451.26,3.4
2024-07-04 19:00,3.6623,3.9066,82.03,18.94,2449.0,3.4
2024-07-05 07:00,3.6621,3.9258,79.76,19.32,2459.99,3.3
2024-07-05 19:00,3.6603,3.9302,79.87,19.32,2449.95,3.3
2024-07-08 07:00,3.6639,3.95,79.19,19.16,2429.34,2.8
2024-07-08 19:00,3.6627,3.9468,79.17,19.2,2445.84,2.9
2024-07-09 07:00,3.6668,3.9487,77.57,19.12,2446.22,3.6
2024-07-09 19:00,3.6688,3.9451,77.71,19.1,2443.44,3.7
2024-07-10 07:00,3.6502,3.9391,77.57,19.06,2368.19,3.6
2024-07-10 19:00,3.654,3.934,77.69,19.05,2364.07,3.6
2024-07-11 07:00,3.6568,3.9528,76.55,18.48,2398.39,3.7
2024-07-11 19:00,3.66,3.9531,76.5,18.5,2392.05,3.7
2024-07-12 07:00,3.6731,3.9347,77.36,18.6,2434.9,4.3
2024-07-12 19:00,3.6742,3.9394,77.45,18.71,2433.97,4.4
2024-07-15 07:00,3.684,3.9213,76.47,18.77,2424.33,4.5
2024-07-15 19:00,3.6834,3.9178,76.57,18.86,2422.14,4.5
2024-07-16 07:00,3.6811,3.8981,76.92,19.1,2479.22,5.0
2024-07-16 19:00,3.685,3.9043,76.96,19.11,2475.07,4.9
2024-07-17 07:00,3.6737,3.8918,76.42,19.17,2582.45,4.2
2024-07-17 19:00,3.6709,3.8987,76.39,19.13,2582.35,4.3
2024-07-18 07:00,3.7029,3.9077,74.8,19.25,2547.58,4.6
2024-07-18 19:00,3.7035,3.9061,74.93,19.23,2547.28,4.6
2024-07-19 07:00,3.7372,3.929,73.38,19.03,2595.56,4.4
2024-07-19 19:00,3.7358,3.9229,73.63,18.96,2609.57,4.4
2024-07-22 07:00,3.7583,3.899,74.48,19.03,2569.39,4.6
2024-07-22 19:00,3.7611,3.8971,74.68,18.95,2568.06,4.6
2024-07-23 07:00,3.7628,3.8875,74.39,18.89,2547.58,4.9
2024-07-23 19:00,3.7605,3.8879,74.38,18.9,2543.41,4.9
2024-07-24 07:00,3.7829,3.8814,74.91,18.8,2538.37,5.2
2024-07-24 19:00,3.7819,3.8786,74.79,18.83,2530.87,5.3
2024-07-25 07:00,3.7662,3.8544,75.78,19.1,2569.21,5.4
2024-07-25 19:00,3.7645,3.8562,75.81,19.1,2560.22,5.5
2024-07-26 07:00,3.7684,3.8474,75.41,19.31,2504.73,5.0
2024-07-26 19:00,3.7698,3.845,75.38,19.22,2502.05,5.0
2024-07-29 07:00,3.7781,3.8756,75.31,19.37,2532.88,5.0
2024-07-29 19:00,3.7806,3.8785,75.51,19.37,2537.12,5.0
2024-07-30 07:00,3.809,3.8615,74.63,19.28,2443.17,4.8
2024-07-30 19:00,3.8087,3.8625,74.46,19.28,2444.31,4.8
2024-07-31 07:00,3.7848,3.8855,74.46,19.73,2362.55,4.6
2024-07-31 19:00,3.7851,3.8869,74.58,19.64,2360.22,4.7
2024-08-01 07:00,3.7939,3.8772,75.81,19.81,2425.48,4.7
2024-08-01 19:00,3.7879,3.874,75.94,19.67,2416.33,4.5
2024-08-02 07:00,3.7823,3.8847,77.16,19.79,2486.56,4.2
2024-08-02 19:00,3.7831,3.8869,77.16,19.75,2494.32,4.2
2024-08-05 07:00,3.7846,3.8989,76.24,19.95,2484.17,4.0
2024-08-05 19:00,3.7834,3.9027,76.28,20.0,2477.42,4.1
2024-08-06 07:00,3.7801,3.8909,76.13,19.12,2422.86,4.5
2024-08-06 19:00,3.7766,3.8888,75.91,19.11,2403.69,4.4
2024-08-07 07:00,3.7673,3.8696,77.67,19.49,2403.3,4.9
2024-08-07 19:00,3.7654,3.8681,77.61,19.56,2401.49,4.9
2024-08-08 07:00,3.7579,3.8633,77.0,19.08,2409.14,4.7
2024-08-08 19:00,3.7584,3.8605,77.03,19.16,2403.67,4.7
2024-08-09 07:00,3.748,3.871,76.45,18.33,2339.77,4.6
2024-08-09 19:00,3.7462,3.8738,76.3,18.4,2345.13,4.6
2024-08-12 07:00,3.7611,3.8528,76.88,18.97,2230.65,4.4
2024-08-12 19:00,3.7623,3.8541,76.88,18.98,2227.78,4.3
2024-08-13 07:00,3.7683,3.8446,76.9,19.79,2261.42,4.2
2024-08-13 19:00,3.7659,3.8508,77.13,19.83,2274.92,4.1
2024-08-14 07:00,3.7707,3.8665,75.87,20.32,2285.0,4.1
2024-08-14 19:00,3.7711,3.8571,75.86,20.29,2289.69,4.1
2024-08-15 07:00,3.7865,3.8477,75.72,20.0,2270.65,4.3
2024-08-15 19:00,3.7835,3.8468,75.46,20.01,2271.86,4.2
2024-08-16 07:00,3.7902,3.8309,77.64,20.02,2284.3,4.4
2024-08-16 19:00,3.7924,3.8287,77.62,19.99,2275.17,4.4
2024-08-19 07:00,3.7655,3.858,77.47,19.77,2229.05,3.9
2024-08-19 19:00,3.7633,3.8533,77.57,19.82,2217.25,3.8
2024-08-20 07:00,3.7655,3.8705,79.18,20.29,2221.08,3.5
2024-08-20 19:00,3.7592,3.8687,79.18,20.26,2216.52,3.5
2024-08-21 07:00,3.7558,3.8963,76.8,20.7,2271.96,2.9
2024-08-21 19:00,3.7584,3.9012,77.01,20.68,2274.89,2.9
2024-08-22 07:00,3.7375,3.9137,76.63,20.63,2313.81,2.9
2024-08-22 19:00,3.7389,3.9064,76.83,20.59,2308.23,3.0
2024-08-23 07:00,3.7235,3.8899,75.45,20.85,2251.77,3.5
2024-08-23 19:00,3.7276,3.8882,75.44,20.86,2252.67,3.4
2024-08-26 07:00,3.7323,3.8551,74.24,21.12,2264.37,3.3
2024-08-26 19:00,3.7331,3.849,74.4,21.19,2264.68,3.4
2024-08-27 07:00,3.7583,3.8701,72.76,20.63,2233.36,3.3
2024-08-27 19:00,3.7554,3.8683,72.64,20.72,2231.67,3.5
2024-08-28 07:00,3.7698,3.8754,72.13,20.94,2211.44,3.4
2024-08-28 19:00,3.7634,3.8811,72.09,20.94,2214.77,3.4
2024-08-29 07:00,3.7743,3.8434,71.45,20.92,2212.13,3.5
2024-08-29 19:00,3.7756,3.8488,71.4,20.81,2211.48,3.5
2024-08-30 07:00,3.7781,3.8245,70.6,21.31,2209.06,3.6
2024-08-30 19:00,3.7772,3.8235,70.52,21.31,2214.86,3.6
2024-09-02 07:00,3.7758,3.8192,71.75,21.49,2253.51,3.2
2024-09-02 19:00,3.7798,3.8154,71.7,21.51,2264.0,3.1
2024-09-03 07:00,3.7689,3.8121,70.76,21.04,2216.86,2.9
2024-09-03 19:00,3.7688,3.8134,70.5,21.11,2212.78,2.9
2024-09-04 07:00,3.772,3.8592,70.22,20.87,2180.74,2.7
2024-09-04 19:00,3.7722,3.8575,70.1,20.83,2192.64,2.8
2024-09-05 07:00,3.7637,3.8462,70.19,21.02,2215.39,3.4
2024-09-05 19:00,3.763,3.8493,70.33,21.12,2228.19,3.2
2024-09-06 07:00,3.7579,3.8708,71.0,21.85,2248.21,3.2
2024-09-06 19:00,3.7595,3.8694,70.9,21.83,2248.91,3.1
2024-09-09 07:00,3.7595,3.8626,71.02,22.46,2250.99,3.1
2024-09-09 19:00,3.7628,3.8651,70.94,22.37,2255.57,3.1
2024-09-10 07:00,3.758,3.8593,71.82,21.98,2267.43,2.9
2024-09-10 19:00,3.7545,3.8695,71.73,21.85,2261.8,2.8
2024-09-11 07:00,3.7415,3.8763,72.28,21.7,2195.47,3.1
2024-09-11 19:00,3.7402,3.8773,72.07,21.78,2196.84,3.2
2024-09-12 07:00,3.7403,3.9007,72.41,22.0,2229.41,3.3
2024-09-12 19:00,3.7377,3.9021,72.39,21.89,2230.49,3.2
2024-09-13 07:00,3.7485,3.8872,72.1,21.25,2205.77,2.4
2024-09-13 19:00,3.7516,3.8815,72.18,21.27,2209.5,2.4
2024-09-16 07:00,3.7583,3.8501,71.77,21.0,2173.62,2.3
2024-09-16 19:00,3.7549,3.8463,71.9,20.99,2171.1,2.3
2024-09-17 07:00,3.774,3.8392,72.89,21.04,2259.55,2.1
2024-09-17 19:00,3.7715,3.8369,72.95,21.18,2269.79,2.1
2024-09-18 07:00,3.7719,3.8427,73.44,20.76,2244.62,1.5
2024-09-18 19:00,3.7715,3.8439,73.66,20.65,2256.14,1.5
2024-09-19 07:00,3.7672,3.8578,74.1,20.07,2315.64,1.9
2024-09-19 19:00,3.7684,3.8602,74.11,20.04,2322.25,1.8
2024-09-20 07:00,3.7848,3.8264,73.75,19.65,2261.71,2.2
2024-09-20 19:00,3.7877,3.8238,73.6,19.61,2268.82,2.3
2024-09-23 07:00,3.7825,3.8198,73.46,20.47,2279.32,2.4
2024-09-23 19:00,3.7819,3.8192,73.56,20.47,2280.08,2.3
2024-09-24 07:00,3.7964,3.8222,74.41,19.28,2371.76,2.4
2024-09-24 19:00,3.7938,3.8259,74.44,19.36,2375.63,2.3
2024-09-25 07:00,3.8316,3.8208,74.69,19.71,2427.37,2.6
2024-09-25 19:00,3.8301,3.8252,74.56,19.79,2433.92,2.7
2024-09-26 07:00,3.826,3.8457,75.54,19.3,2453.15,2.9
2024-09-26 19:00,3.8244,3.8373,75.71,19.25,2449.06,2.8
2024-09-27 07:00,3.819,3.8168,76.71,19.82,2417.45,3.5
2024-09-27 19:00,3.8191,3.8251,77.09,19.73,2427.37,3.6
2024-09-30 07:00,3.825,3.8225,76.96,19.64,2392.72,3.6
2024-09-30 19:00,3.8302,3.8181,76.96,19.74,2386.91,3.5
2024-10-01 07:00,3.8335,3.8067,77.15,19.19,2367.23,3.6
2024-10-01 19:00,3.8369,3.8041,77.17,19.19,2366.36,3.6
2024-10-02 07:00,3.8247,3.7962,75.94,19.94,2308.07,3.4
2024-10-02 19:00,3.8245,3.7999,75.85,19.89,2314.61,3.4
2024-10-03 07:00,3.8222,3.787,76.01,19.96,2352.1,4.1
2024-10-03 19:00,3.8267,3.7895,76.08,19.91,2354.22,4.0
2024-10-04 07:00,3.8151,3.7682,75.51,19.4,2348.95,3.8
2024-10-04 19:00,3.8171,3.7692,75.64,19.38,2355.4,3.8
2024-10-07 07:00,3.8228,3.7715,75.87,19.06,2373.3,3.4
2024-10-07 19:00,3.8208,3.7733,76.07,19.01,2379.44,3.4
2024-10-08 07:00,3.8243,3.7647,75.88,18.98,2395.49,3.5
2024-10-08 19:00,3.8267,3.7762,76.07,18.99,2401.42,3.6
2024-10-09 07:00,3.8393,3.7612,76.36,19.05,2372.4,3.9
2024-10-09 19:00,3.8418,3.7649,76.3,19.13,2379.21,3.9
2024-10-10 07:00,3.8399,3.7414,75.4,19.01,2346.42,3.7
2024-10-10 19:00,3.8379,3.7394,75.29,19.01,2353.76,3.9
2024-10-11 07:00,3.8358,3.7672,75.56,18.86,2321.96,3.8
2024-10-11 19:00,3.8385,3.7622,75.29,18.91,2312.94,3.7
2024-10-14 07:00,3.818,3.7354,75.87,19.18,2295.06,3.0
2024-10-14 19:00,3.8193,3.7313,76.14,19.17,2295.0,2.9
2024-10-15 07:00,3.8154,3.7177,75.81,19.92,2231.66,2.5
2024-10-15 19:00,3.8138,3.7168,76.1,19.84,2238.4,2.4
2024-10-16 07:00,3.836,3.7468,75.88,19.59,2249.95,2.1
2024-10-16 19:00,3.8343,3.7444,75.81,19.61,2262.62,2.2
2024-10-17 07:00,3.8495,3.7345,74.76,20.31,2240.19,2.1
2024-10-17 19:00,3.847,3.7336,74.87,20.22,2246.09,2.1
2024-10-18 07:00,3.841,3.7169,73.87,19.47,2341.43,1.7
2024-10-18 19:00,3.8411,3.7185,73.82,19.51,2339.58,1.8
2024-10-21 07:00,3.8503,3.7406,74.13,18.93,2357.85,1.6
2024-10-21 19:00,3.8518,3.7466,74.06,18.84,2360.08,1.6
2024-10-22 07:00,3.8695,3.7527,74.06,18.47,2342.12,1.3
2024-10-22 19:00,3.8731,3.7491,73.88,18.45,2344.17,1.3
2024-10-23 07:00,3.8723,3.7573,73.17,18.34,2374.67,1.1
2024-10-23 19:00,3.8658,3.7623,73.1,18.42,2378.94,1.2
2024-10-24 07:00,3.8936,3.7929,74.83,18.79,2428.24,1.3
2024-10-24 19:00,3.8934,3.7975,74.92,18.87,2423.38,1.3
2024-10-25 07:00,3.8792,3.7666,74.98,18.79,2497.31,1.5
2024-10-25 19:00,3.8805,3.7643,75.04,18.83,2496.0,1.5
2024-10-28 07:00,3.8844,3.7276,75.02,18.57,2478.59,1.2
2024-10-28 19:00,3.8867,3.7278,75.08,18.74,2473.73,1.1
2024-10-29 07:00,3.8944,3.7523,75.16,18.6,2447.93,1.0
2024-10-29 19:00,3.8948,3.749,74.82,18.69,2444.15,1.0
2024-10-30 07:00,3.8965,3.7565,73.79,18.45,2469.32,1.1
2024-10-30 19:00,3.8944,3.7581,73.77,18.51,2472.32,1.0
2024-10-31 07:00,3.9002,3.7642,73.95,18.36,2429.54,1.0
2024-10-31 19:00,3.9035,3.7792,73.91,18.28,2440.44,1.1
2024-11-01 07:00,3.8933,3.7579,73.48,17.88,2452.46,1.5
2024-11-01 19:00,3.8923,3.7682,73.54,17.92,2445.92,1.6
2024-11-04 07:00,3.8934,3.7366,74.3,17.74,2535.99,1.8
2024-11-04 19:00,3.893,3.7358,74.26,17.68,2528.79,1.9
2024-11-05 07:00,3.9231,3.7148,74.31,18.33,2537.13,2.2
2024-11-05 19:00,3.9264,3.7145,74.35,18.26,2532.89,2.0
2024-11-06 07:00,3.9235,3.7354,73.61,18.75,2586.64,2.0
2024-11-06 19:00,3.9295,3.7389,73.46,18.74,2589.68,2.0
2024-11-07 07:00,3.9508,3.7314,74.44,19.4,2631.89,2.0
2024-11-07 19:00,3.9491,3.732,74.55,19.37,2640.72,1.9
2024-11-08 07:00,3.951,3.7077,74.68,20.19,2597.18,1.9
2024-11-08 19:00,3.9508,3.7065,74.71,20.26,2593.34,1.8
2024-11-11 07:00,3.9507,3.7056,72.88,20.5,2573.62,1.8
2024-11-11 19:00,3.9515,3.7069,72.71,20.58,2568.38,1.8
2024-11-12 07:00,3.9516,3.7333,72.52,20.35,2576.07,1.8
2024-11-12 19:00,3.9498,3.7376,72.63,20.46,2566.68,1.8
2024-11-13 07:00,3.9487,3.7417,72.85,20.89,2450.12,2.0
2024-11-13 19:00,3.9532,3.7511,72.96,20.86,2451.19,1.9
2024-11-14 07:00,3.9464,3.7371,74.59,20.78,2453.87,2.1
2024-11-14 19:00,3.9451,3.7319,74.61,20.73,2450.55,2.1
2024-11-15 07:00,3.9244,3.7497,74.55,20.21,2444.11,2.0
2024-11-15 19:00,3.9242,3.7434,74.7,20.16,2450.29,1.9
2024-11-18 07:00,3.9505,3.7461,73.98,19.66,2362.56,1.4
2024-11-18 19:00,3.9532,3.7472,74.11,19.57,2354.21,1.4
2024-11-19 07:00,3.9472,3.7281,73.93,19.73,2355.56,1.2
2024-11-19 19:00,3.9482,3.7275,74.14,19.67,2352.99,1.3
2024-11-20 07:00,3.9286,3.729,74.04,19.54,2357.8,1.0
2024-11-20 19:00,3.9316,3.73,73.96,19.68,2345.51,1.0
2024-11-21 07:00,3.9444,3.7191,75.29,19.42,2372.25,1.0
2024-11-21 19:00,3.9468,3.72,75.11,19.48,2360.2,1.1
2024-11-22 07:00,3.9367,3.7283,76.44,20.15,2335.57,1.0
2024-11-22 19:00,3.94,3.7315,76.26,20.09,2339.38,1.0
2024-11-25 07:00,3.9477,3.7356,76.03,20.03,2342.55,1.0
2024-11-25 19:00,3.9506,3.7319,75.97,20.06,2331.21,0.9
2024-11-26 07:00,3.9267,3.7318,77.38,20.91,2368.31,1.1
2024-11-26 19:00,3.9264,3.7356,77.35,20.95,2379.52,1.1
2024-11-27 07:00,3.8915,3.7279,78.67,21.66,2316.51,1.3
2024-11-27 19:00,3.8946,3.7285,78.44,21.71,2316.59,1.3
2024-11-28 07:00,3.8982,3.7254,78.65,21.7,2364.37,1.3
2024-11-28 19:00,3.8974,3.731,78.84,21.74,2367.08,1.3
2024-11-29 07:00,3.9091,3.7366,79.28,21.62,2363.21,1.2
2024-11-29 19:00,3.9095,3.732,79.33,21.82,2356.07,1.2
2024-12-02 07:00,3.8964,3.7099,78.63,22.14,2408.26,1.4
2024-12-02 19:00,3.8973,3.7105,78.73,22.17,2404.13,1.3
2024-12-03 07:00,3.8887,3.7006,78.13,22.03,2373.3,1.3
2024-12-03 19:00,3.8893,3.6977,78.06,22.02,2374.15,1.2
2024-12-04 07:00,3.8913,3.6961,78.38,21.59,2383.14,1.4
2024-12-04 19:00,3.889,3.6985,78.76,21.53,2376.52,1.4
2024-12-05 07:00,3.9031,3.7484,78.97,21.39,2370.33,1.1
2024-12-05 19:00,3.9045,3.7496,78.99,21.39,2378.56,1.0
2024-12-06 07:00,3.8951,3.7448,77.98,21.06,2356.36,1.2
2024-12-06 19:00,3.8951,3.7425,77.65,21.06,2361.52,1.3
2024-12-09 07:00,3.9103,3.7701,77.96,21.13,2328.01,1.2
2024-12-09 19:00,3.9062,3.7596,77.92,21.09,2325.47,1.1
2024-12-10 07:00,3.9043,3.7924,78.33,21.23,2349.65,1.0
2024-12-10 19:00,3.903,3.7899,78.18,21.34,2351.47,1.1
2024-12-11 07:00,3.8888,3.8011,78.07,21.5,2333.19,1.0
2024-12-11 19:00,3.8836,3.8035,78.24,21.57,2334.24,1.0
2024-12-12 07:00,3.89,3.814,77.07,22.01,2366.11,1.2
2024-12-12 19:00,3.8893,3.8186,76.88,21.91,2368.7,1.2
2024-12-13 07:00,3.8915,3.8134,76.81,22.67,2297.28,1.0
2024-12-13 19:00,3.8892,3.8165,76.79,22.58,2303.59,1.0
2024-12-16 07:00,3.8734,3.819,77.23,23.08,2374.6,1.0
2024-12-16 19:00,3.8744,3.8232,77.17,23.16,2361.63,1.0
2024-12-17 07:00,3.9009,3.8275,76.96,22.91,2360.76,1.4
2024-12-17 19:00,3.9022,3.8243,77.31,22.86,2363.85,1.4
2024-12-18 07:00,3.9132,3.8194,76.47,23.15,2452.85,1.4
2024-12-18 19:00,3.9111,3.8232,76.44,23.16,2449.84,1.3
2024-12-19 07:00,3.904,3.8261,76.28,23.11,2537.98,1.4
2024-12-19 19:00,3.9075,3.8262,76.02,23.16,2537.8,1.3
2024-12-20 07:00,3.8743,3.8461,75.2,23.45,2553.01,1.0
2024-12-20 19:00,3.8784,3.8444,75.1,23.35,2542.18,1.1
2024-12-23 07:00,3.875,3.87,73.7,23.44,2490.15,1.2
2024-12-23 19:00,3.8757,3.8681,74.03,23.49,2479.07,1.2
2024-12-24 07:00,3.8635,3.8666,74.34,23.19,2462.1,1.2
2024-12-24 19:00,3.8622,3.8678,74.39,23.2,2456.45,1.2
2024-12-25 07:00,3.8776,3.8629,73.69,23.86,2540.3,1.6
2024-12-25 19:00,3.8787,3.8608,73.88,23.79,2536.29,1.5
2024-12-26 07:00,3.9067,3.9267,74.32,23.8,2566.81,1.8
2024-12-26 19:00,3.909,3.9194,74.24,23.72,2565.68,1.9
2024-12-27 07:00,3.9156,3.954,74.27,24.06,2507.98,1.7
2024-12-27 19:00,3.916,3.9531,74.35,24.07,2515.6,1.7
2024-12-30 07:00,3.9238,3.9564,74.8,23.85,2425.2,2.1
2024-12-30 19:00,3.9261,3.9549,74.85,23.88,2418.06,2.1
2024-12-31 07:00,3.8968,3.9709,73.81,23.26,2347.01,2.4
2024-12-31 19:00,3.8978,3.9647,73.88,23.37,2358.18,2.5
2025-01-01 07:00,3.8934,3.9423,73.53,23.42,2309.25,2.0
2025-01-01 19:00,3.8945,3.9456,73.34,23.42,2302.92,2.0
2025-01-02 07:00,3.89,3.9169,72.7,23.07,2329.23,2.2
2025-01-02 19:00,3.8888,3.9189,72.83,23.02,2324.96,2.2
2025-01-03 07:00,3.8754,3.8959,73.73,23.26,2345.71,2.2
2025-01-03 19:00,3.8715,3.9014,73.68,23.2,2352.48,2.2
2025-01-06 07:00,3.8828,3.884,73.57,23.07,2366.93,2.1
2025-01-06 19:00,3.8805,3.8836,73.57,23.17,2359.65,2.0
2025-01-07 07:00,3.8727,3.8735,72.79,22.85,2358.8,1.9
2025-01-07 19:00,3.8715,3.8713,72.9,22.78,2360.65,1.9
2025-01-08 07:00,3.8583,3.8656,73.47,22.81,2404.6,2.6
2025-01-08 19:00,3.8572,3.8718,73.38,22.86,2415.72,2.5
2025-01-09 07:00,3.8516,3.8832,73.07,22.84,2401.77,2.0
2025-01-09 19:00,3.851,3.8844,73.2,22.79,2410.91,2.0
2025-01-10 07:00,3.8439,3.8703,72.26,22.49,2544.62,2.4
2025-01-10 19:00,3.8464,3.8752,72.22,22.35,2540.73,2.3
2025-01-13 07:00,3.8501,3.9298,72.74,22.3,2586.85,2.5
2025-01-13 19:00,3.8504,3.9252,72.49,22.34,2589.36,2.6
2025-01-14 07:00,3.8354,3.9302,71.8,21.84,2580.92,2.6
2025-01-14 19:00,3.8274,3.9233,72.12,21.89,2571.47,2.5
2025-01-15 07:00,3.7892,3.9298,72.14,22.24,2526.32,2.6
2025-01-15 19:00,3.7928,3.9283,72.23,22.19,2529.8,2.5
2025-01-16 07:00,3.8311,3.9102,73.47,22.74,2550.58,3.1
2025-01-16 19:00,3.8277,3.9084,73.4,22.67,2551.29,3.1
2025-01-17 07:00,3.8321,3.9086,74.02,21.82,2515.83,3.1
2025-01-17 19:00,3.8285,3.9095,74.15,21.68,2523.5,3.3
2025-01-20 07:00,3.838,3.8898,74.1,21.88,2550.68,3.5
2025-01-20 19:00,3.8397,3.8938,74.09,21.76,2554.18,3.5
2025-01-21 07:00,3.8362,3.8841,74.33,22.05,2552.09,3.6
2025-01-21 19:00,3.8365,3.8803,74.23,21.97,2551.81,3.5
2025-01-22 07:00,3.8283,3.8587,74.27,22.43,2512.16,4.1
2025-01-22 19:00,3.8276,3.8573,74.22,22.34,2520.61,4.0
2025-01-23 07:00,3.8328,3.8328,75.09,21.88,2538.69,4.1
2025-01-23 19:00,3.8349,3.8263,75.08,21.89,2547.12,4.2
2025-01-24 07:00,3.8308,3.846,75.26,22.03,2565.92,3.8
2025-01-24 19:00,3.83,3.8485,75.47,21.98,2569.22,3.9
2025-01-27 07:00,3.8354,3.8639,77.05,22.54,2574.59,4.2
2025-01-27 19:00,3.8361,3.8596,77.12,22.36,2581.81,4.2
2025-01-28 07:00,3.8301,3.8661,78.85,22.33,2528.76,4.6
2025-01-28 19:00,3.8287,3.8711,78.81,22.22,2542.41,4.6
2025-01-29 07:00,3.8213,3.8739,79.83,22.6,2553.85,4.7
2025-01-29 19:00,3.822,3.8716,80.26,22.69,2550.32,4.8
2025-01-30 07:00,3.8213,3.8617,80.35,22.28,2504.55,5.1
2025-01-30 19:00,3.82,3.8654,80.21,22.3,2502.25,5.0
2025-01-31 07:00,3.8173,3.8376,79.94,22.17,2487.23,4.9
2025-01-31 19:00,3.8164,3.8352,79.78,22.14,2490.97,5.0
2025-02-03 07:00,3.8275,3.8208,79.47,21.85,2494.23,4.9
2025-02-03 19:00,3.827,3.8232,79.5,21.75,2492.9,4.7
2025-02-04 07:00,3.8437,3.8187,79.47,21.61,2574.99,4.6
2025-02-04 19:00,3.8395,3.8188,79.42,21.52,2572.76,4.7
2025-02-05 07:00,3.8619,3.8143,80.22,21.43,2507.38,4.5
2025-02-05 19:00,3.8632,3.8147,80.27,21.37,2505.25,4.3
2025-02-06 07:00,3.8609,3.7979,79.64,21.13,2478.09,4.2
2025-02-06 19:00,3.8606,3.7947,79.87,21.12,2469.34,4.3
2025-02-07 07:00,3.8466,3.8114,80.04,21.02,2425.33,4.0
2025-02-07 19:00,3.8454,3.805,80.01,20.96,2437.23,4.0
2025-02-10 07:00,3.8109,3.7737,79.56,21.2,2314.31,3.7
2025-02-10 19:00,3.8135,3.7702,79.65,21.38,2303.19,3.9
2025-02-11 07:00,3.8046,3.7769,79.53,20.96,2287.19,4.0
2025-02-11 19:00,3.8065,3.7758,79.5,21.06,2292.87,4.0
2025-02-12 07:00,3.8046,3.7865,79.68,21.55,2258.0,4.1
2025-02-12 19:00,3.8081,3.7897,79.75,21.52,2254.13,4.2
2025-02-13 07:00,3.8201,3.8118,79.23,21.45,2187.88,3.9
2025-02-13 19:00,3.8183,3.8042,79.14,21.37,2192.29,4.0
2025-02-14 07:00,3.8274,3.8373,78.28,22.13,2226.98,3.8
2025-02-14 19:00,3.8276,3.8398,78.4,22.13,2220.53,3.9
2025-02-17 07:00,3.799,3.8368,77.27,22.98,2273.32,3.9
2025-02-17 19:00,3.7979,3.8402,77.05,22.92,2271.39,3.8
2025-02-18 07:00,3.7776,3.883,78.54,23.15,2278.34,3.7
2025-02-18 19:00,3.7757,3.8802,78.47,23.31,2279.45,3.7
2025-02-19 07:00,3.7842,3.8507,79.38,23.08,2266.33,4.0
2025-02-19 19:00,3.7859,3.8566,79.56,23.01,2271.87,4.2
2025-02-20 07:00,3.7537,3.846,79.66,23.17,2252.76,4.1
2025-02-20 19:00,3.758,3.8484,79.52,23.2,2255.52,4.1
2025-02-21 07:00,3.7508,3.8556,80.09,22.36,2304.69,3.9
2025-02-21 19:00,3.7534,3.8494,80.18,22.41,2300.12,4.0
2025-02-24 07:00,3.7582,3.846,80.18,22.22,2233.15,4.1
2025-02-24 19:00,3.7551,3.8509,80.09,22.28,2243.37,4.1
2025-02-25 07:00,3.7578,3.8424,81.19,22.31,2142.78,3.7
2025-02-25 19:00,3.7546,3.8438,81.18,22.27,2148.21,3.7
2025-02-26 07:00,3.7771,3.8552,81.02,22.5,2115.81,3.9
2025-02-26 19:00,3.7747,3.8464,80.98,22.47,2120.77,3.8
2025-02-27 07:00,3.7787,3.8547,80.99,22.16,2170.32,4.4
2025-02-27 19:00,3.7758,3.8605,80.94,22.16,2170.57,4.3
2025-02-28 07:00,3.7546,3.8826,81.07,22.25,2214.89,3.9
2025-02-28 19:00,3.7546,3.8849,80.91,22.32,2214.83,3.9
2025-03-03 07:00,3.7638,3.8771,78.65,22.23,2167.04,3.5
2025-03-03 19:00,3.7654,3.8747,78.41,22.13,2168.13,3.4
2025-03-04 07:00,3.7629,3.8671,77.58,22.44,2117.07,3.6
2025-03-04 19:00,3.7668,3.8709,77.62,22.45,2108.29,3.7
2025-03-05 07:00,3.7515,3.8835,78.34,23.11,2098.75,3.7
2025-03-05 19:00,3.7462,3.8867,78.52,23.23,2096.29,3.8
2025-03-06 07:00,3.735,3.8697,78.02,23.62,2140.77,3.9
2025-03-06 19:00,3.7293,3.8716,77.78,23.58,2131.84,3.9
2025-03-07 07:00,3.7548,3.8856,78.06,23.06,2095.03,4.3
2025-03-07 19:00,3.7506,3.8863,78.2,23.1,2101.31,4.2
2025-03-10 07:00,3.7543,3.9352,76.72,23.5,2096.96,4.4
2025-03-10 19:00,3.7547,3.9405,76.73,23.6,2089.54,4.3
2025-03-11 07:00,3.7725,3.969,76.41,23.61,2055.72,4.7
2025-03-11 19:00,3.7708,3.9606,76.59,23.66,2049.98,4.7
2025-03-12 07:00,3.7844,3.9683,76.42,23.93,2015.47,4.5
2025-03-12 19:00,3.7875,3.9648,76.72,23.73,2023.5,4.6
2025-03-13 07:00,3.7713,3.9435,78.03,23.44,1972.12,4.9
2025-03-13 19:00,3.7717,3.9474,78.19,23.49,1960.71,4.8
2025-03-14 07:00,3.8042,3.935,77.74,23.62,1957.83,4.4
2025-03-14 19:00,3.8041,3.9294,77.72,23.63,1960.12,4.5
2025-03-17 07:00,3.8129,3.8997,79.13,23.99,2033.54,3.9
2025-03-17 19:00,3.8136,3.9039,78.98,23.98,2028.59,4.0
2025-03-18 07:00,3.8246,3.8972,78.65,23.66,2053.01,3.9
2025-03-18 19:00,3.8235,3.8927,78.47,23.7,2047.17,4.0
2025-03-19 07:00,3.8208,3.9063,78.83,23.78,2047.29,3.4
2025-03-19 19:00,3.8189,3.8987,79.21,23.89,2049.75,3.5
2025-03-20 07:00,3.8314,3.8884,78.3,23.86,2098.74,3.4
2025-03-20 19:00,3.8355,3.8952,78.54,23.84,2091.33,3.5
2025-03-21 07:00,3.837,3.8951,78.63,22.84,2130.96,3.4
2025-03-21 19:00,3.8363,3.8885,78.78,22.87,2114.54,3.4
2025-03-24 07:00,3.8288,3.8917,79.11,23.09,2044.87,3.8
2025-03-24 19:00,3.8294,3.8873,79.29,23.08,2045.4,3.6
2025-03-25 07:00,3.8104,3.8894,79.19,22.75,2048.4,4.1
2025-03-25 19:00,3.8081,3.8891,79.19,22.76,2035.69,4.2
2025-03-26 07:00,3.8257,3.8892,79.24,22.26,2126.05,4.6
2025-03-26 19:00,3.8244,3.8854,79.22,22.32,2128.37,4.6
2025-03-27 07:00,3.814,3.8552,80.03,21.49,2176.47,5.0
2025-03-27 19:00,3.8176,3.865,79.97,21.41,2179.89,5.0
2025-03-28 07:00,3.8217,3.8523,80.63,22.24,2219.97,4.9
2025-03-28 19:00,3.821,3.8492,80.54,22.26,2222.25,4.9
2025-03-31 07:00,3.8387,3.8388,82.1,21.46,2243.42,4.9
2025-03-31 19:00,3.8384,3.8424,81.92,21.51,2239.92,5.1
2025-04-01 07:00,3.8171,3.8234,83.33,22.27,2237.67,4.6
2025-04-01 19:00,3.8135,3.823,83.35,22.26,2244.8,4.6
2025-04-02 07:00,3.8239,3.8526,82.14,22.29,2218.82,4.1
2025-04-02 19:00,3.8229,3.8411,82.35,22.26,2204.67,4.2
2025-04-03 07:00,3.837,3.8499,82.56,22.73,2220.99,4.4
2025-04-03 19:00,3.8359,3.844,82.45,22.67,2237.96,4.4
2025-04-04 07:00,3.8688,3.8228,82.71,22.23,2209.18,4.0
2025-04-04 19:00,3.8689,3.8274,82.5,22.25,2199.34,4.0
2025-04-07 07:00,3.8524,3.8142,84.22,22.18,2234.75,3.8
2025-04-07 19:00,3.8536,3.8122,84.42,22.24,2229.65,3.8
2025-04-08 07:00,3.8757,3.8243,83.11,22.38,2139.5,3.7
2025-04-08 19:00,3.8731,3.8252,83.17,22.38,2149.32,3.8
2025-04-09 07:00,3.8648,3.8337,83.02,22.46,2127.8,3.6
2025-04-09 19:00,3.8684,3.8325,83.14,22.55,2128.73,3.6
2025-04-10 07:00,3.8683,3.8381,83.15,21.7,2141.35,4.2
2025-04-10 19:00,3.8705,3.8421,83.1,21.7,2140.53,4.3
2025-04-11 07:00,3.8543,3.8548,82.96,21.69,2141.23,4.2
2025-04-11 19:00,3.8531,3.8525,83.32,21.72,2146.71,4.1
2025-04-14 07:00,3.8588,3.8712,84.21,22.12,2186.61,4.1
2025-04-14 19:00,3.8581,3.8677,84.1,22.14,2178.67,4.1
2025-04-15 07:00,3.8683,3.8704,83.23,21.71,2194.67,3.3
2025-04-15 19:00,3.8683,3.876,82.74,21.51,2192.47,3.4
2025-04-16 07:00,3.8697,3.8906,81.97,20.67,2233.5,3.0
2025-04-16 19:00,3.873,3.8861,81.82,20.7,2237.39,3.1
2025-04-17 07:00,3.8576,3.8879,80.18,20.73,2298.12,2.5
2025-04-17 19:00,3.859,3.893,80.08,20.75,2303.2,2.6
2025-04-18 07:00,3.8479,3.9,80.36,20.73,2255.3,2.9
2025-04-18 19:00,3.8431,3.9031,80.07,20.7,2248.83,2.9
2025-04-21 07:00,3.845,3.8932,79.4,20.36,2284.5,2.7
2025-04-21 19:00,3.8449,3.8951,79.38,20.28,2280.75,2.8
2025-04-22 07:00,3.8277,3.8791,78.21,19.56,2231.48,2.8
2025-04-22 19:00,3.8275,3.8788,78.12,19.67,2221.88,2.7
2025-04-23 07:00,3.8236,3.8759,77.82,19.26,2205.72,2.8
2025-04-23 19:00,3.8261,3.8768,77.86,19.17,2216.79,2.7
2025-04-24 07:00,3.8079,3.866,79.04,19.29,2177.53,2.7
2025-04-24 19:00,3.8113,3.8668,78.93,19.28,2166.87,2.7
2025-04-25 07:00,3.8272,3.8476,78.6,19.26,2108.08,2.8
2025-04-25 19:00,3.8279,3.846,78.68,19.38,2108.81,2.8
2025-04-28 07:00,3.8097,3.8518,77.57,18.71,2077.73,3.1
2025-04-28 19:00,3.8041,3.8484,77.71,18.75,2065.25,3.1
2025-04-29 07:00,3.8091,3.8694,78.46,19.0,2043.79,2.5
2025-04-29 19:00,3.8088,3.866,78.49,18.91,2049.72,2.4
2025-04-30 07:00,3.8318,3.8385,78.68,18.67,1978.96,2.4
2025-04-30 19:00,3.8317,3.8409,79.01,18.68,1977.67,2.3
2025-05-01 07:00,3.8272,3.8396,79.74,18.9,1928.11,2.4
2025-05-01 19:00,3.8283,3.831,79.62,18.82,1929.71,2.4
2025-05-02 07:00,3.8163,3.7881,79.37,19.19,1964.39,2.4
2025-05-02 19:00,3.8157,3.7901,79.3,19.22,1959.05,2.4
2025-05-05 07:00,3.8065,3.8203,79.57,19.61,1925.58,2.4
2025-05-05 19:00,3.8066,3.8262,79.4,19.55,1930.1,2.5
2025-05-06 07:00,3.8149,3.8008,80.59,20.18,2080.55,2.0
2025-05-06 19:00,3.8111,3.8057,80.34,20.24,2060.61,2.0
2025-05-07 07:00,3.7833,3.8027,81.8,20.38,2020.15,1.9
2025-05-07 19:00,3.7823,3.8032,81.94,20.28,2028.75,2.0
2025-05-08 07:00,3.7864,3.7866,81.36,20.67,2008.56,1.8
2025-05-08 19:00,3.7805,3.7901,81.7,20.67,2016.27,1.8
2025-05-09 07:00,3.7648,3.7377,80.88,21.05,2028.68,1.7
2025-05-09 19:00,3.7667,3.7386,80.93,21.15,2036.24,1.7
2025-05-12 07:00,3.7567,3.7444,81.36,21.08,1996.19,1.7
2025-05-12 19:00,3.7518,3.744,81.17,21.06,1993.39,1.7
2025-05-13 07:00,3.735,3.7624,81.73,20.71,1922.89,1.5
2025-05-13 19:00,3.7372,3.7599,81.93,20.72,1931.39,1.5
2025-05-14 07:00,3.7486,3.7641,82.86,20.6,1880.01,1.8
2025-05-14 19:00,3.7485,3.7637,82.59,20.62,1883.79,1.9
2025-05-15 07:00,3.7501,3.7655,82.66,21.12,1877.79,1.8
2025-05-15 19:00,3.7474,3.7622,82.45,21.14,1866.61,1.8
2025-05-16 07:00,3.7608,3.7766,82.75,20.76,1837.0,2.3
2025-05-16 19:00,3.762,3.7704,82.77,20.77,1836.11,2.3
2025-05-19 07:00,3.7723,3.8008,83.05,20.89,1764.65,1.4
2025-05-19 19:00,3.7717,3.7988,83.2,20.87,1767.59,1.3
2025-05-20 07:00,3.7609,3.805,83.1,21.06,1759.45,1.0
2025-05-20 19:00,3.7587,3.8021,83.08,21.02,1753.64,1.0
2025-05-21 07:00,3.7599,3.8064,84.63,20.94,1780.53,1.0
2025-05-21 19:00,3.7608,3.8079,84.72,20.94,1775.2,0.9
2025-05-22 07:00,3.7263,3.7959,85.52,20.24,1635.77,1.0
2025-05-22 19:00,3.7268,3.7906,85.53,20.24,1633.94,1.0
2025-05-23 07:00,3.7384,3.7603,85.43,20.55,1720.52,1.1
2025-05-23 19:00,3.735,3.7673,85.86,20.53,1721.93,1.0
2025-05-26 07:00,3.7171,3.7891,85.31,20.7,1642.76,1.0
2025-05-26 19:00,3.713,3.7922,85.16,20.63,1652.79,1.1
2025-05-27 07:00,3.7221,3.7922,86.0,20.85,1662.75,1.0
2025-05-27 19:00,3.7236,3.7882,86.16,20.77,1662.91,1.0
2025-05-28 07:00,3.7233,3.7499,84.94,21.14,1656.02,1.0
2025-05-28 19:00,3.7258,3.7543,85.35,21.07,1664.81,1.0
2025-05-29 07:00,3.7153,3.7555,84.61,21.2,1734.7,1.0
2025-05-29 19:00,3.7122,3.7572,84.66,21.17,1726.55,1.0
2025-05-30 07:00,3.6993,3.7681,83.67,20.48,1704.47,1.1
2025-05-30 19:00,3.6989,3.7725,83.55,20.63,1702.77,1.1
2025-06-02 07:00,3.6982,3.7703,84.88,20.12,1672.83,1.2
2025-06-02 19:00,3.7009,3.7682,84.76,20.1,1661.11,1.3
2025-06-03 07:00,3.6671,3.7619,85.51,20.13,1754.17,1.4
2025-06-03 19:00,3.6644,3.762,85.49,20.12,1760.89,1.5
2025-06-04 07:00,3.6724,3.7596,85.97,20.57,1771.88,1.1
2025-06-04 19:00,3.6705,3.7567,85.86,20.44,1769.04,1.1
2025-06-05 07:00,3.6871,3.7682,83.96,21.29,1786.46,1.0
2025-06-05 19:00,3.6854,3.7633,84.04,21.31,1792.07,1.0
2025-06-06 07:00,3.6938,3.7609,84.8,20.79,1746.3,1.0
2025-06-06 19:00,3.6914,3.7606,84.74,20.71,1753.41,1.0
2025-06-09 07:00,3.6821,3.7511,83.82,19.62,1768.26,1.0
2025-06-09 19:00,3.6841,3.7598,83.77,19.67,1763.17,1.0
2025-06-10 07:00,3.682,3.7503,82.47,18.82,1771.53,1.0
2025-06-10 19:00,3.6804,3.7489,82.41,18.87,1763.55,1.0
2025-06-11 07:00,3.6723,3.7509,82.9,19.45,1746.81,0.9
2025-06-11 19:00,3.6669,3.752,82.89,19.53,1756.81,1.1
2025-06-12 07:00,3.6619,3.7331,83.64,19.63,1763.34,1.0
2025-06-12 19:00,3.6603,3.7315,83.37,19.65,1753.14,1.0
2025-06-13 07:00,3.6503,3.7392,83.53,18.91,1776.77,1.0
2025-06-13 19:00,3.6503,3.7442,83.41,19.01,1768.87,0.9
2025-06-16 07:00,3.6356,3.7157,82.22,19.12,1765.75,1.1
2025-06-16 19:00,3.633,3.7121,82.13,19.08,1769.6,1.0
2025-06-17 07:00,3.6418,3.7034,81.61,19.59,1795.35,1.5
2025-06-17 19:00,3.6398,3.7028,81.8,19.51,1799.33,1.5
2025-06-18 07:00,3.639,3.6982,81.61,19.89,1749.88,2.0
2025-06-18 19:00,3.6435,3.6993,81.71,19.9,1754.75,1.9
2025-06-19 07:00,3.6393,3.7052,80.64,20.02,1731.69,2.0
2025-06-19 19:00,3.6432,3.6963,80.87,20.01,1724.74,2.0
2025-06-20 07:00,3.6525,3.7025,80.12,19.87,1676.24,2.5
2025-06-20 19:00,3.6532,3.7036,80.2,19.97,1673.97,2.4
2025-06-23 07:00,3.6439,3.7074,80.62,19.12,1676.35,2.4
2025-06-23 19:00,3.6477,3.7075,80.46,19.04,1675.71,2.3
2025-06-24 07:00,3.6548,3.6991,80.76,18.11,1743.77,2.0
2025-06-24 19:00,3.6538,3.7052,80.55,18.29,1745.63,2.1
2025-06-25 07:00,3.6455,3.7025,81.51,18.28,1678.52,1.7
2025-06-25 19:00,3.6407,3.6915,81.66,18.43,1674.78,1.8
2025-06-26 07:00,3.6538,3.731,80.41,18.44,1608.19,1.6
2025-06-26 19:00,3.6536,3.7263,80.43,18.37,1612.09,1.5
2025-06-27 07:00,3.6441,3.7207,81.09,18.27,1579.75,1.8
2025-06-27 19:00,3.6474,3.7177,81.1,18.41,1581.66,1.8
2025-06-30 07:00,3.6407,3.7074,82.15,18.05,1531.89,1.9
2025-06-30 19:00,3.6442,3.7118,82.27,18.06,1534.85,1.9
2025-07-01 07:00,3.6454,3.7014,81.6,17.47,1568.63,1.9
2025-07-01 19:00,3.643,3.7036,81.5,17.51,1564.26,1.9
2025-07-02 07:00,3.6801,3.7222,82.07,17.38,1611.83,1.8
2025-07-02 19:00,3.6832,3.7232,81.96,17.54,1605.55,1.9
2025-07-03 07:00,3.6854,3.7418,81.42,17.57,1558.95,1.9
2025-07-03 19:00,3.6847,3.7371,81.33,17.56,1556.45,1.9
2025-07-04 07:00,3.6795,3.7352,80.85,17.71,1488.46,2.1
2025-07-04 19:00,3.6789,3.7338,80.85,17.66,1490.24,2.1
2025-07-07 07:00,3.681,3.7191,81.42,17.52,1383.66,2.2
2025-07-07 19:00,3.6777,3.7125,81.81,17.67,1385.91,2.1
2025-07-08 07:00,3.6494,3.7086,81.36,17.43,1368.42,2.1
2025-07-08 19:00,3.6507,3.7122,81.18,17.49,1377.35,1.9
2025-07-09 07:00,3.64,3.7217,82.57,17.34,1420.94,1.2
2025-07-09 19:00,3.6399,3.7233,82.52,17.34,1410.11,1.2
2025-07-10 07:00,3.6394,3.7249,82.68,17.7,1447.97,1.0
2025-07-10 19:00,3.6368,3.7262,82.76,17.64,1453.49,1.0
2025-07-11 07:00,3.6469,3.7274,83.36,18.01,1363.84,1.0
2025-07-11 19:00,3.6503,3.733,83.71,17.93,1361.84,1.0
2025-07-14 07:00,3.6412,3.711,83.06,17.31,1374.81,1.1
2025-07-14 19:00,3.6384,3.7118,82.99,17.29,1352.72,1.0
2025-07-15 07:00,3.6319,3.7271,83.83,17.96,1323.9,1.0
2025-07-15 19:00,3.629,3.7248,83.85,17.88,1317.44,1.0
2025-07-16 07:00,3.6032,3.7072,84.55,18.17,1304.37,0.9
2025-07-16 19:00,3.6058,3.7059,84.43,18.19,1310.99,1.0
2025-07-17 07:00,3.5895,3.7131,85.46,18.03,1371.66,1.2
2025-07-17 19:00,3.5853,3.7129,85.27,17.96,1374.9,1.1
2025-07-18 07:00,3.6112,3.7281,85.07,18.16,1371.73,1.3
2025-07-18 19:00,3.6127,3.7355,84.94,18.11,1369.39,1.4
2025-07-21 07:00,3.6124,3.7581,85.69,18.58,1386.21,0.9
2025-07-21 19:00,3.6126,3.7558,85.63,18.54,1383.11,1.1
2025-07-22 07:00,3.6055,3.7769,87.14,18.52,1346.23,0.9
2025-07-22 19:00,3.606,3.7837,87.04,18.51,1347.1,1.1
2025-07-23 07:00,3.6049,3.784,87.11,19.46,1255.22,1.2
2025-07-23 19:00,3.6067,3.7798,87.14,19.44,1242.69,1.0
2025-07-24 07:00,3.6193,3.7616,88.08,19.63,1220.91,1.0
2025-07-24 19:00,3.6119,3.7655,88.1,19.66,1220.24,1.0
2025-07-25 07:00,3.6159,3.7306,89.9,19.2,1203.66,1.0
2025-07-25 19:00,3.6147,3.7378,90.25,19.1,1208.12,1.0
2025-07-28 07:00,3.6166,3.7,90.0,18.78,1242.9,1.1
2025-07-28 19:00,3.6215,3.6993,89.77,18.74,1242.8,1.1
2025-07-29 07:00,3.6202,3.6994,89.65,19.28,1226.05,1.0
2025-07-29 19:00,3.6164,3.6993,89.7,19.12,1227.16,1.0
2025-07-30 07:00,3.6195,3.7155,90.03,19.89,1199.91,1.0
2025-07-30 19:00,3.6195,3.7165,89.76,19.74,1193.04,1.1
2025-07-31 07:00,3.6197,3.7139,90.73,19.31,1202.0,1.0
2025-07-31 19:00,3.6156,3.7126,90.6,19.31,1197.6,1.1
2025-08-01 07:00,3.6139,3.7025,90.46,19.47,1276.04,1.0
2025-08-01 19:00,3.6184,3.6979,90.57,19.49,1278.08,1.0
2025-08-04 07:00,3.6245,3.7174,90.87,19.63,1205.31,1.0
2025-08-04 19:00,3.6256,3.714,91.03,19.66,1207.56,1.0
2025-08-05 07:00,3.633,3.721,92.9,19.44,1232.72,0.9
2025-08-05 19:00,3.6353,3.7148,92.88,19.3,1237.61,1.0
2025-08-06 07:00,3.6264,3.7154,92.3,18.91,1243.19,0.9
2025-08-06 19:00,3.627,3.7184,92.27,18.8,1248.69,1.0
2025-08-07 07:00,3.6415,3.6999,92.0,18.86,1201.25,1.3
2025-08-07 19:00,3.6449,3.699,91.86,18.94,1208.83,1.3
2025-08-08 07:00,3.643,3.7141,93.99,19.14,1264.0,1.0
2025-08-08 19:00,3.6458,3.7154,94.01,19.17,1262.31,0.9
2025-08-11 07:00,3.671,3.7154,93.86,18.85,1408.21,1.0
2025-08-11 19:00,3.6697,3.7133,93.83,18.91,1392.18,1.1
2025-08-12 07:00,3.6765,3.7292,93.66,18.36,1439.24,1.0
2025-08-12 19:00,3.6726,3.7276,93.67,18.37,1431.06,0.9
2025-08-13 07:00,3.6689,3.7172,92.47,19.19,1499.09,1.0
2025-08-13 19:00,3.6657,3.7181,92.48,19.36,1487.63,1.0
2025-08-14 07:00,3.6609,3.732,91.21,18.74,1468.86,1.0
2025-08-14 19:00,3.6598,3.7341,91.05,18.75,1468.64,1.0
2025-08-15 07:00,3.6411,3.7143,92.22,18.6,1470.75,1.1
2025-08-15 19:00,3.6392,3.7167,92.23,18.58,1462.66,1.0
2025-08-18 07:00,3.6326,3.735,91.55,18.7,1440.1,0.9
2025-08-18 19:00,3.6378,3.7363,91.59,18.67,1436.4,1.0
2025-08-19 07:00,3.6412,3.7027,91.07,18.51,1450.83,1.2
2025-08-19 19:00,3.6407,3.7055,90.95,18.53,1450.92,1.3
2025-08-20 07:00,3.639,3.7035,89.38,18.6,1474.0,1.1
2025-08-20 19:00,3.6351,3.6992,89.42,18.56,1482.47,1.1
2025-08-21 07:00,3.6333,3.6966,90.49,18.41,1464.35,1.4
2025-08-21 19:00,3.641,3.6933,90.66,18.39,1459.26,1.4
2025-08-22 07:00,3.6195,3.7238,91.25,18.41,1525.57,1.0
2025-08-22 19:00,3.6194,3.7327,91.35,18.44,1515.59,1.0
2025-08-25 07:00,3.6013,3.7266,91.77,18.48,1486.19,1.0
2025-08-25 19:00,3.6028,3.7258,91.72,18.45,1486.91,0.9
2025-08-26 07:00,3.5955,3.7039,91.92,17.92,1528.73,0.9
2025-08-26 19:00,3.5944,3.7001,91.84,17.91,1536.02,1.0
2025-08-27 07:00,3.5933,3.7216,92.2,17.87,1500.85,1.1
2025-08-27 19:00,3.5956,3.719,92.08,17.89,1516.13,0.9
2025-08-28 07:00,3.6095,3.7504,91.71,17.71,1453.21,1.0
2025-08-28 19:00,3.6102,3.7492,91.57,17.76,1470.63,1.0
2025-08-29 07:00,3.603,3.7427,91.66,18.41,1457.29,1.0
2025-08-29 19:00,3.5992,3.7417,91.48,18.41,1453.32,1.0
2025-09-01 07:00,3.5976,3.7559,90.94,19.28,1481.84,1.0
2025-09-01 19:00,3.5982,3.7537,91.11,19.24,1473.06,0.9
2025-09-02 07:00,3.5968,3.7507,91.33,19.51,1502.88,0.9
2025-09-02 19:00,3.5929,3.7533,91.36,19.44,1504.8,1.0
2025-09-03 07:00,3.6138,3.7561,91.12,19.54,1564.0,1.0
2025-09-03 19:00,3.6087,3.7584,91.31,19.5,1575.4,1.0
2025-09-04 07:00,3.6038,3.7267,92.86,19.61,1548.96,1.2
2025-09-04 19:00,3.6059,3.7286,92.88,19.62,1544.06,1.2
2025-09-05 07:00,3.5969,3.7359,92.92,19.81,1598.66,1.3
2025-09-05 19:00,3.5944,3.733,92.85,19.84,1593.63,1.3
2025-09-08 07:00,3.6236,3.7491,94.44,20.04,1652.36,1.0
2025-09-08 19:00,3.6234,3.7584,94.44,19.88,1657.18,1.0
2025-09-09 07:00,3.6274,3.7662,94.05,19.88,1652.21,1.1
2025-09-09 19:00,3.6279,3.7709,94.28,19.9,1645.16,1.0
2025-09-10 07:00,3.6222,3.7611,94.69,19.81,1637.16,1.0
2025-09-10 19:00,3.6224,3.7608,94.44,19.86,1636.28,1.0
2025-09-11 07:00,3.6139,3.7707,96.01,19.45,1626.35,0.9
2025-09-11 19:00,3.6111,3.7771,96.44,19.43,1621.67,1.0
2025-09-12 07:00,3.6131,3.7907,95.56,18.98,1670.33,0.9
2025-09-12 19:00,3.6094,3.7884,95.63,19.07,1661.64,1.1
2025-09-15 07:00,3.6482,3.7976,95.06,20.11,1608.43,1.0
2025-09-15 19:00,3.6458,3.7937,94.97,20.06,1619.46,1.0
2025-09-16 07:00,3.6322,3.7921,95.06,19.37,1629.84,1.0
2025-09-16 19:00,3.6287,3.7899,95.1,19.38,1628.65,0.9
2025-09-17 07:00,3.6451,3.7971,94.49,20.12,1638.76,1.0
2025-09-17 19:00,3.6445,3.7902,94.41,20.23,1632.67,1.0
2025-09-18 07:00,3.6364,3.7742,92.68,20.02,1641.88,1.0
2025-09-18 19:00,3.6378,3.7783,92.52,20.04,1646.44,1.0
2025-09-19 07:00,3.6369,3.7447,91.08,20.1,1636.48,0.9
2025-09-19 19:00,3.6366,3.7445,91.15,20.14,1626.93,1.0
2025-09-22 07:00,3.6387,3.7567,90.28,19.5,1645.81,1.0
2025-09-22 19:00,3.6388,3.7544,90.29,19.52,1638.62,1.0
2025-09-23 07:00,3.6376,3.7713,89.22,19.39,1650.17,1.5
2025-09-23 19:00,3.6346,3.762,89.26,19.3,1657.48,1.5
2025-09-24 07:00,3.6835,3.7703,89.79,19.02,1662.65,1.2
2025-09-24 19:00,3.6897,3.7642,89.78,19.09,1675.27,1.2
2025-09-25 07:00,3.6479,3.778,88.88,19.13,1616.9,0.9
2025-09-25 19:00,3.6476,3.7773,89.0,19.14,1618.7,1.0
2025-09-26 07:00,3.6288,3.7902,89.19,18.83,1528.66,1.2
2025-09-26 19:00,3.6327,3.7903,89.45,18.84,1531.52,1.3
2025-09-29 07:00,3.6304,3.7819,89.65,18.45,1482.16,1.1
2025-09-29 19:00,3.6342,3.7781,89.63,18.45,1472.66,1.0
2025-09-30 07:00,3.6276,3.7736,88.99,18.57,1490.03,1.0
2025-09-30 19:00,3.6203,3.7807,89.22,18.48,1486.72,1.1
2025-10-01 07:00,3.6112,3.757,87.28,18.45,1477.87,1.1
2025-10-01 19:00,3.6141,3.7648,87.23,18.28,1484.97,1.1
2025-10-02 07:00,3.6016,3.7543,87.22,17.25,1561.62,1.0
2025-10-02 19:00,3.6022,3.7489,87.16,17.18,1569.06,1.0
2025-10-03 07:00,3.6126,3.7572,85.52,16.84,1595.35,0.9
2025-10-03 19:00,3.6136,3.7573,85.74,16.8,1601.06,1.1
2025-10-06 07:00,3.5893,3.7734,85.46,16.18,1619.48,1.1
2025-10-06 19:00,3.589,3.7723,85.68,16.3,1618.18,1.1
2025-10-07 07:00,3.5865,3.8072,85.03,17.15,1623.8,1.0
2025-10-07 19:00,3.5857,3.8069,85.02,16.99,1624.35,1.0
2025-10-08 07:00,3.6126,3.8193,85.32,17.25,1574.96,1.3
2025-10-08 19:00,3.6095,3.8169,85.22,17.3,1573.95,1.3
2025-10-09 07:00,3.6193,3.8193,86.06,16.76,1600.74,1.0
2025-10-09 19:00,3.6209,3.8164,86.27,16.74,1601.51,1.0
2025-10-10 07:00,3.6242,3.8438,86.6,16.45,1714.13,1.0
2025-10-10 19:00,3.6239,3.8412,86.68,16.36,1691.84,1.0
2025-10-13 07:00,3.6017,3.8281,87.09,16.11,1644.08,1.1
2025-10-13 19:00,3.6044,3.8321,87.02,16.05,1639.32,1.1
2025-10-14 07:00,3.5805,3.8222,88.2,16.51,1638.09,1.1
2025-10-14 19:00,3.5799,3.8199,88.15,16.58,1625.78,1.1
2025-10-15 07:00,3.5677,3.8388,89.11,16.21,1646.38,1.0
2025-10-15 19:00,3.5646,3.8415,89.09,16.26,1658.88,1.0
2025-10-16 07:00,3.5674,3.8318,88.66,15.57,1666.96,1.0
2025-10-16 19:00,3.5636,3.8317,88.7,15.58,1663.66,1.0
2025-10-17 07:00,3.55,3.8356,88.03,15.97,1776.1,1.0
2025-10-17 19:00,3.5485,3.8347,88.01,15.99,1776.45,1.0
2025-10-20 07:00,3.5495,3.8449,87.21,16.03,1845.93,1.0
2025-10-20 19:00,3.5509,3.8405,87.21,16.05,1849.87,1.0
2025-10-21 07:00,3.549,3.857,86.9,16.06,1838.13,1.1
2025-10-21 19:00,3.5516,3.855,86.81,16.03,1849.15,1.1
2025-10-22 07:00,3.5429,3.8365,87.14,15.41,1859.51,1.2
2025-10-22 19:00,3.5451,3.8424,86.89,15.45,1851.92,1.2
2025-10-23 07:00,3.5524,3.8355,86.68,15.04,1926.98,1.4
2025-10-23 19:00,3.5513,3.8399,86.85,15.01,1932.7,1.4
2025-10-24 07:00,3.5398,3.8525,84.51,14.83,1876.08,1.3
2025-10-24 19:00,3.5381,3.8584,84.52,14.89,1864.31,1.1
2025-10-27 07:00,3.5552,3.8523,84.14,14.42,1832.11,1.0
2025-10-27 19:00,3.555,3.8615,84.22,14.34,1818.99,1.0
2025-10-28 07:00,3.5672,3.8474,84.36,14.21,1815.78,1.0
2025-10-28 19:00,3.5672,3.8417,84.56,14.25,1816.53,1.0
2025-10-29 07:00,3.5809,3.857,82.95,14.49,1802.52,0.9
2025-10-29 19:00,3.5737,3.8551,83.13,14.64,1794.78,1.0
2025-10-30 07:00,3.5659,3.8608,83.06,14.94,1838.73,1.0
2025-10-30 19:00,3.5685,3.858,82.94,14.99,1841.31,1.0
2025-10-31 07:00,3.5834,3.876,82.55,14.82,1798.09,1.1
2025-10-31 19:00,3.5781,3.879,82.48,14.69,1793.83,1.1
2025-11-03 07:00,3.5755,3.8536,83.39,15.19,1708.68,1.3
2025-11-03 19:00,3.5746,3.8528,83.51,15.23,1721.23,1.3
2025-11-04 07:00,3.5905,3.8448,84.4,15.21,1700.83,1.5
2025-11-04 19:00,3.5941,3.845,84.41,15.17,1693.3,1.5
2025-11-05 07:00,3.6016,3.8406,84.58,15.16,1651.78,1.4
2025-11-05 19:00,3.5995,3.8389,84.86,15.11,1647.17,1.4
2025-11-06 07:00,3.5725,3.8402,86.36,14.57,1573.52,1.1
2025-11-06 19:00,3.5702,3.8299,86.33,14.51,1565.28,1.0
2025-11-07 07:00,3.5893,3.86,86.49,14.89,1581.9,1.0
2025-11-07 19:00,3.5884,3.8636,86.28,14.89,1588.69,1.0
2025-11-10 07:00,3.5586,3.8558,85.03,14.62,1547.25,1.0
2025-11-10 19:00,3.5576,3.8612,84.99,14.76,1545.19,1.1
2025-11-11 07:00,3.5525,3.8609,85.19,14.72,1468.65,1.0
2025-11-11 19:00,3.5495,3.8605,85.45,14.65,1463.44,1.0
2025-11-12 07:00,3.5366,3.886,86.49,14.43,1433.0,1.0
2025-11-12 19:00,3.5406,3.8916,86.29,14.44,1432.81,1.0
2025-11-13 07:00,3.5508,3.8767,85.73,14.23,1332.62,0.9
2025-11-13 19:00,3.549,3.8768,85.77,14.26,1338.24,0.9
2025-11-14 07:00,3.5499,3.8826,84.83,14.56,1304.3,0.9
2025-11-14 19:00,3.5451,3.8865,84.93,14.53,1302.43,1.0
2025-11-17 07:00,3.5587,3.8439,84.12,14.5,1337.54,1.5
2025-11-17 19:00,3.5611,3.8501,83.98,14.46,1341.98,1.6
2025-11-18 07:00,3.5603,3.8409,85.26,13.97,1352.37,1.1
2025-11-18 19:00,3.5613,3.8443,85.06,13.93,1359.22,1.0
2025-11-19 07:00,3.5829,3.8467,82.96,14.1,1342.77,1.0
2025-11-19 19:00,3.5836,3.8419,82.9,14.11,1352.17,1.1
2025-11-20 07:00,3.5739,3.851,81.87,14.35,1323.23,1.0
2025-11-20 19:00,3.5701,3.8566,82.09,14.39,1322.74,1.1
2025-11-21 07:00,3.5806,3.8498,81.79,13.87,1318.58,1.2
2025-11-21 19:00,3.5792,3.8477,81.97,13.79,1320.64,1.2
2025-11-24 07:00,3.5761,3.8188,83.68,13.52,1326.93,1.3
2025-11-24 19:00,3.5767,3.8172,83.81,13.61,1335.53,1.2
2025-11-25 07:00,3.5604,3.8306,83.43,13.1,1387.36,1.1
2025-11-25 19:00,3.5615,3.8268,83.57,13.16,1395.89,0.9
2025-11-26 07:00,3.5495,3.8366,82.89,13.21,1433.95,1.2
2025-11-26 19:00,3.5491,3.8294,82.58,13.22,1430.33,1.1
2025-11-27 07:00,3.539,3.7945,83.11,13.76,1399.76,1.0
2025-11-27 19:00,3.5429,3.7892,83.11,13.79,1398.07,1.1
2025-11-28 07:00,3.5315,3.7817,82.35,14.5,1426.32,1.0
2025-11-28 19:00,3.5282,3.7865,82.2,14.59,1429.51,1.0
2025-12-01 07:00,3.5393,3.7691,83.11,13.46,1400.52,1.0
2025-12-01 19:00,3.5425,3.7701,83.16,13.47,1399.47,1.0
2025-12-02 07:00,3.532,3.7603,82.76,13.49,1424.36,1.0
2025-12-02 19:00,3.533,3.7577,82.79,13.56,1435.74,0.9
2025-12-03 07:00,3.5425,3.7759,81.84,13.15,1486.26,1.0
2025-12-03 19:00,3.5499,3.7793,81.97,13.28,1495.5,1.0
2025-12-04 07:00,3.5187,3.7917,82.79,13.05,1565.98,1.2
2025-12-04 19:00,3.5159,3.7878,82.66,13.26,1576.88,1.0
2025-12-05 07:00,3.5256,3.7731,83.12,13.35,1598.83,1.0
2025-12-05 19:00,3.5177,3.7734,83.2,13.4,1604.14,1.0
2025-12-08 07:00,3.5338,3.7639,83.29,13.52,1525.05,1.0
2025-12-08 19:00,3.5337,3.7674,82.87,13.54,1531.63,1.0
2025-12-09 07:00,3.5557,3.7535,83.15,13.54,1426.93,1.0
2025-12-09 19:00,3.5603,3.7511,83.07,13.51,1426.24,1.0
2025-12-10 07:00,3.5743,3.7289,82.12,13.87,1428.13,1.1
2025-12-10 19:00,3.572,3.7344,82.04,13.76,1408.68,1.1
2025-12-11 07:00,3.5605,3.7241,81.29,13.98,1397.98,1.0
2025-12-11 19:00,3.5557,3.724,81.37,14.05,1415.06,1.1
2025-12-12 07:00,3.5462,3.7371,82.07,13.8,1333.64,1.0
2025-12-12 19:00,3.5473,3.7349,82.11,13.75,1336.51,1.0
2025-12-15 07:00,3.5372,3.7297,83.87,13.45,1445.34,1.0
2025-12-15 19:00,3.5371,3.7231,83.62,13.58,1451.7,1.0
2025-12-16 07:00,3.5277,3.7475,83.04,14.19,1536.95,0.9
2025-12-16 19:00,3.5286,3.7464,82.79,14.21,1532.85,1.0
2025-12-17 07:00,3.5346,3.7307,82.7,13.54,1542.25,1.1
2025-12-17 19:00,3.5347,3.7309,82.78,13.76,1543.41,1.0
2025-12-18 07:00,3.5273,3.7217,82.12,13.11,1547.54,1.0
2025-12-18 19:00,3.5231,3.7205,82.0,13.09,1538.83,1.1
2025-12-19 07:00,3.5186,3.7424,83.03,12.58,1504.21,1.6
2025-12-19 19:00,3.511,3.7385,83.0,12.56,1501.72,1.5
2025-12-22 07:00,3.5063,3.7565,83.18,12.54,1541.12,1.6
2025-12-22 19:00,3.506,3.7607,83.04,12.66,1534.07,1.6
2025-12-23 07:00,3.4959,3.7652,82.11,13.17,1492.28,1.2
2025-12-23 19:00,3.5001,3.7712,82.15,13.06,1479.92,1.2
2025-12-24 07:00,3.493,3.7726,82.19,13.41,1434.18,1.1
2025-12-24 19:00,3.4923,3.7632,81.93,13.47,1431.19,1.0
2025-12-25 07:00,3.4715,3.762,80.97,14.3,1429.96,1.0
2025-12-25 19:00,3.4719,3.7575,80.88,14.27,1437.04,0.9
2025-12-26 07:00,3.4838,3.7592,81.52,14.56,1511.41,1.3
2025-12-26 19:00,3.4805,3.7561,81.48,14.52,1513.5,1.2
2025-12-29 07:00,3.5124,3.7222,80.91,14.59,1552.96,1.2
2025-12-29 19:00,3.5128,3.7227,81.18,14.64,1551.92,1.1
2025-12-30 07:00,3.4791,3.7099,81.69,14.4,1575.74,0.9
2025-12-30 19:00,3.4795,3.7127,81.79,14.43,1582.81,0.9
2025-12-31 07:00,3.4721,3.7114,83.38,14.63,1650.97,1.0
2025-12-31 19:00,3.4767,3.7048,83.48,14.63,1646.03,1.1
2026-01-01 07:00,3.4851,3.7374,83.97,15.47,1678.19,0.9
2026-01-01 19:00,3.4847,3.728,84.05,15.54,1677.35,1.1
2026-01-02 07:00,3.4608,3.7509,84.61,14.8,1803.96,1.0
2026-01-02 19:00,3.4638,3.7539,84.44,14.8,1791.61,1.0
2026-01-05 07:00,3.4514,3.7569,85.67,14.46,1850.82,1.0
2026-01-05 19:00,3.4469,3.7579,85.89,14.33,1853.11,1.0
2026-01-06 07:00,3.45,3.7831,85.64,14.31,1878.79,1.1
2026-01-06 19:00,3.4443,3.7828,85.71,14.26,1882.98,1.0
2026-01-07 07:00,3.4578,3.7358,86.84,13.93,1920.01,1.1
2026-01-07 19:00,3.4579,3.7326,86.9,14.03,1916.91,1.1
2026-01-08 07:00,3.4475,3.731,88.48,14.01,1971.81,1.1
2026-01-08 19:00,3.4508,3.7289,88.46,13.94,1966.51,1.0
2026-01-09 07:00,3.4588,3.7089,88.56,14.24,1873.51,1.6
2026-01-09 19:00,3.4609,3.7159,88.59,14.23,1882.8,1.5
2026-01-12 07:00,3.4621,3.7207,89.12,13.94,1809.26,1.5
2026-01-12 19:00,3.4589,3.715,89.25,13.92,1794.46,1.6
2026-01-13 07:00,3.4448,3.6966,90.19,12.96,1791.05,2.4
2026-01-13 19:00,3.4427,3.7051,90.22,13.0,1787.1,2.4
2026-01-14 07:00,3.4392,3.7031,89.48,12.52,1822.6,2.1
2026-01-14 19:00,3.4371,3.7006,89.45,12.51,1828.47,2.1
2026-01-15 07:00,3.4557,3.7378,89.39,12.86,1798.12,2.7
2026-01-15 19:00,3.4535,3.738,89.37,12.75,1790.26,2.7
2026-01-16 07:00,3.4651,3.736,90.51,12.56,1763.26,2.5
2026-01-16 19:00,3.4678,3.7305,90.69,12.55,1757.74,2.5
2026-01-19 07:00,3.4193,3.719,89.99,12.14,1757.62,2.3
2026-01-19 19:00,3.4201,3.7232,90.11,11.93,1766.03,2.4
2026-01-20 07:00,3.403,3.7093,89.6,11.83,1774.76,1.5
2026-01-20 19:00,3.4065,3.7043,89.64,11.78,1775.36,1.6
2026-01-21 07:00,3.4276,3.7162,88.55,11.58,1907.17,1.6
2026-01-21 19:00,3.4229,3.7156,88.47,11.59,1911.61,1.6
2026-01-22 07:00,3.4143,3.7004,87.79,11.1,1875.28,2.1
2026-01-22 19:00,3.4167,3.6993,87.72,11.14,1864.92,2.0
2026-01-23 07:00,3.4295,3.6985,88.75,11.33,1946.45,1.7
2026-01-23 19:00,3.433,3.7059,88.78,11.36,1951.28,1.8
2026-01-26 07:00,3.4454,3.7081,88.52,11.04,1945.55,1.8
2026-01-26 19:00,3.4434,3.7061,88.48,10.91,1946.08,1.8
2026-01-27 07:00,3.4502,3.7367,87.92,11.25,1926.72,1.7
2026-01-27 19:00,3.4538,3.732,87.93,11.24,1947.53,1.5
2026-01-28 07:00,3.4612,3.7184,87.77,11.13,1917.08,1.5
2026-01-28 19:00,3.4639,3.7106,87.95,11.04,1921.02,1.5
2026-01-29 07:00,3.4602,3.729,87.31,11.11,1843.55,1.7
2026-01-29 19:00,3.4582,3.7191,87.42,11.06,1850.17,1.6
2026-01-30 07:00,3.4395,3.7349,86.35,10.64,1807.44,1.7
2026-01-30 19:00,3.445,3.7364,86.38,10.63,1811.23,1.8
2026-02-02 07:00,3.4505,3.734,85.56,11.13,1809.69,2.1
2026-02-02 19:00,3.4538,3.7325,85.34,11.12,1816.96,2.2
2026-02-03 07:00,3.4566,3.7465,85.1,10.94,1771.59,2.0
2026-02-03 19:00,3.4622,3.7484,85.23,10.84,1782.12,1.9
2026-02-04 07:00,3.4622,3.7327,84.37,10.65,1874.62,2.6
2026-02-04 19:00,3.457,3.7361,84.58,10.55,1866.58,2.6
2026-02-05 07:00,3.4632,3.7217,85.37,10.44,1797.99,1.8
2026-02-05 19:00,3.4598,3.7135,85.29,10.44,1803.69,1.9
2026-02-06 07:00,3.4741,3.7491,86.3,10.73,1795.36,1.4
2026-02-06 19:00,3.4743,3.7449,86.4,10.64,1798.64,1.5
2026-02-09 07:00,3.4489,3.7201,87.22,10.95,1815.74,1.0
2026-02-09 19:00,3.4484,3.7282,87.03,10.91,1810.41,1.0
2026-02-10 07:00,3.4425,3.6975,88.02,11.27,1823.79,1.3
2026-02-10 19:00,3.4395,3.7018,88.05,11.23,1829.04,1.3
2026-02-11 07:00,3.4186,3.6975,89.01,11.28,1813.47,1.0
2026-02-11 19:00,3.4169,3.6999,89.0,11.14,1813.92,1.0
2026-02-12 07:00,3.4386,3.6985,89.05,11.87,1774.44,1.1
2026-02-12 19:00,3.4424,3.7015,88.97,11.92,1766.2,1.0
2026-02-13 07:00,3.4575,3.7072,90.51,11.72,1711.26,1.0
2026-02-13 19:00,3.4566,3.711,90.53,11.82,1708.49,0.9
2026-02-16 07:00,3.4743,3.6993,90.75,11.85,1771.13,1.0
2026-02-16 19:00,3.4699,3.7077,90.76,11.93,1759.12,1.0
2026-02-17 07:00,3.4695,3.7028,91.3,10.89,1777.87,1.0
2026-02-17 19:00,3.4722,3.7026,91.3,11.15,1786.35,1.0
2026-02-18 07:00,3.4667,3.7143,91.19,11.05,1807.03,0.9
2026-02-18 19:00,3.4646,3.7173,91.22,10.92,1798.59,1.0
2026-02-19 07:00,3.4529,3.7054,92.45,10.95,1777.79,1.0
2026-02-19 19:00,3.4508,3.7129,92.45,10.87,1770.43,1.1
2026-02-20 07:00,3.4555,3.7101,94.03,10.35,1713.61,1.0
2026-02-20 19:00,3.455,3.7046,94.15,10.36,1716.68,1.0
2026-02-23 07:00,3.4682,3.708,93.43,10.62,1735.27,1.0
2026-02-23 19:00,3.467,3.7049,93.36,10.56,1730.38,1.1
2026-02-24 07:00,3.4472,3.6999,94.74,10.73,1694.68,1.1
2026-02-24 19:00,3.446,3.6994,94.45,10.84,1695.29,1.1
2026-02-25 07:00,3.4601,3.7078,94.32,10.42,1676.58,1.2
2026-02-25 19:00,3.4597,3.7034,94.31,10.37,1671.43,1.2
2026-02-26 07:00,3.4593,3.7194,93.09,10.27,1683.9,1.0
2026-02-26 19:00,3.4618,3.7267,93.33,10.17,1687.59,1.0
2026-02-27 07:00,3.4624,3.715,93.34,10.34,1658.35,1.0
2026-02-27 19:00,3.4652,3.7178,93.27,10.29,1661.77,0.9
2026-03-02 07:00,3.4618,3.7275,93.8,10.15,1672.49,1.0
2026-03-02 19:00,3.4617,3.7265,93.99,10.24,1668.35,1.0
2026-03-03 07:00,3.4486,3.7193,95.42,9.98,1677.04,1.0
2026-03-03 19:00,3.4547,3.7223,95.4,9.99,1689.0,1.0
2026-03-04 07:00,3.4693,3.7337,94.85,10.27,1759.27,1.5
2026-03-04 19:00,3.4624,3.7376,94.44,10.27,1768.66,1.5
2026-03-05 07:00,3.466,3.7482,95.46,9.95,1781.13,1.2
2026-03-05 19:00,3.4683,3.7446,95.44,9.98,1783.37,1.2
2026-03-06 07:00,3.473,3.7262,96.57,10.03,1795.93,1.1
2026-03-06 19:00,3.4708,3.7239,96.51,9.98,1793.54,1.1
2026-03-09 07:00,3.4893,3.7454,95.51,10.41,1787.99,1.2
2026-03-09 19:00,3.4908,3.749,95.46,10.53,1773.85,1.2
2026-03-10 07:00,3.5144,3.737,93.92,10.62,1727.04,1.1
2026-03-10 19:00,3.5107,3.7427,93.78,10.51,1728.92,1.2
2026-03-11 07:00,3.5114,3.7809,93.84,10.38,1701.14,1.4
2026-03-11 19:00,3.5121,3.7821,94.06,10.44,1692.71,1.4
2026-03-12 07:00,3.5123,3.7829,93.06,10.77,1703.18,1.0
2026-03-12 19:00,3.5146,3.7834,93.1,10.7,1708.03,1.0
2026-03-13 07:00,3.542,3.807,92.47,11.51,1717.96,1.0
2026-03-13 19:00,3.5413,3.8025,92.49,11.61,1717.26,1.1
2026-03-16 07:00,3.5329,3.8063,92.6,11.54,1692.04,1.2
2026-03-16 19:00,3.5308,3.8057,92.07,11.48,1698.25,1.3
2026-03-17 07:00,3.5094,3.816,91.89,12.0,1769.16,1.5
2026-03-17 19:00,3.5096,3.8095,91.9,12.12,1774.34,1.4
2026-03-18 07:00,3.4998,3.7959,90.9,12.11,1723.4,1.0
2026-03-18 19:00,3.501,3.7943,90.97,12.1,1715.49,1.0
2026-03-19 07:00,3.4893,3.801,91.89,12.4,1716.29,1.0
2026-03-19 19:00,3.4872,3.8024,91.99,12.5,1723.16,1.1
2026-03-20 07:00,3.4803,3.8114,90.62,12.56,1638.86,1.0
2026-03-20 19:00,3.4795,3.8209,90.84,12.57,1641.55,1.0
2026-03-23 07:00,3.4434,3.8032,90.44,11.77,1584.49,0.9
2026-03-23 19:00,3.44,3.7969,90.24,11.74,1584.23,1.0
2026-03-24 07:00,3.4394,3.8036,91.4,11.21,1609.3,1.0
2026-03-24 19:00,3.4395,3.8027,91.34,11.35,1602.56,1.0
2026-03-25 07:00,3.4235,3.8104,90.05,11.38,1587.0,1.1
2026-03-25 19:00,3.4269,3.8101,89.99,11.35,1581.34,0.9
2026-03-26 07:00,3.44,3.8075,90.19,10.95,1596.64,1.1
2026-03-26 19:00,3.4438,3.807,90.03,10.94,1602.76,1.1
2026-03-27 07:00,3.4457,3.79,89.39,11.4,1679.46,1.3
2026-03-27 19:00,3.4443,3.7867,89.77,11.41,1682.88,1.4
2026-03-30 07:00,3.4546,3.7896,89.89,11.41,1667.12,1.5
2026-03-30 19:00,3.4522,3.7809,89.63,11.38,1689.36,1.4
2026-03-31 07:00,3.4361,3.7902,90.36,11.54,1651.79,1.0
2026-03-31 19:00,3.4338,3.7924,90.26,11.67,1657.5,1.0
2026-04-01 07:00,3.4265,3.8271,90.11,11.96,1659.75,1.0
2026-04-01 19:00,3.4339,3.826,90.03,11.92,1654.31,1.1
2026-04-02 07:00,3.4192,3.8014,89.85,11.69,1809.74,1.2
2026-04-02 19:00,3.4223,3.8053,90.0,11.76,1806.57,1.2
2026-04-03 07:00,3.4157,3.8054,88.01,11.71,1846.05,1.0
2026-04-03 19:00,3.415,3.8041,88.41,11.69,1844.39,1.1
2026-04-06 07:00,3.4128,3.8247,88.79,10.37,1805.03,1.3
2026-04-06 19:00,3.4141,3.8343,88.94,10.52,1815.35,1.2
2026-04-07 07:00,3.4113,3.8487,89.96,10.35,1771.8,1.1
2026-04-07 19:00,3.4078,3.8544,90.13,10.21,1779.33,1.1
2026-04-08 07:00,3.4105,3.8664,89.42,10.13,1685.72,1.0
2026-04-08 19:00,3.407,3.8611,89.39,10.1,1687.27,1.0
2026-04-09 07:00,3.4225,3.8684,88.85,9.93,1685.2,1.0
2026-04-09 19:00,3.4216,3.8694,88.65,10.06,1687.61,1.0
2026-04-10 07:00,3.4276,3.8806,90.54,10.38,1687.99,1.0
2026-04-10 19:00,3.4305,3.8834,90.53,10.38,1702.75,1.0
2026-04-13 07:00,3.4202,3.8631,90.77,10.01,1688.86,1.0
2026-04-13 19:00,3.4231,3.8696,90.7,9.93,1696.51,1.0
2026-04-14 07:00,3.4124,3.846,91.13,10.01,1764.62,1.0
2026-04-14 19:00,3.4146,3.8468,91.1,9.99,1768.0,0.9
2026-04-15 07:00,3.4428,3.8134,90.46,10.01,1756.35,1.2
2026-04-15 19:00,3.4438,3.811,90.54,10.05,1753.69,1.1
2026-04-16 07:00,3.4526,3.8118,91.17,10.04,1677.22,1.0
2026-04-16 19:00,3.4544,3.8126,91.23,10.03,1674.69,1.1
2026-04-17 07:00,3.449,3.7894,91.23,10.02,1706.25,1.5
2026-04-17 19:00,3.4483,3.7906,91.5,10.0,1706.35,1.6
2026-04-20 07:00,3.4405,3.7537,91.68,9.97,1756.87,1.4
2026-04-20 19:00,3.438,3.7477,91.85,9.97,1758.01,1.2
2026-04-21 07:00,3.4765,3.7275,91.58,9.95,1848.26,1.0
2026-04-21 19:00,3.475,3.7223,91.53,9.97,1840.46,1.0
2026-04-22 07:00,3.4843,3.7462,89.9,10.39,1965.39,1.0
2026-04-22 19:00,3.4793,3.7488,90.04,10.44,1961.34,1.0
2026-04-23 07:00,3.4736,3.7517,89.21,10.86,1924.84,1.2
2026-04-23 19:00,3.4734,3.7518,89.36,10.89,1929.16,1.2
2026-04-24 07:00,3.4819,3.778,90.31,11.11,1960.9,1.7
2026-04-24 19:00,3.4814,3.7818,90.35,11.24,1962.14,1.7
2026-04-27 07:00,3.4606,3.7691,90.79,11.22,2006.78,1.7
2026-04-27 19:00,3.4632,3.7633,90.57,11.16,2014.94,1.7
2026-04-28 07:00,3.4677,3.7329,90.2,11.26,2017.99,2.0
2026-04-28 19:00,3.4684,3.7298,90.04,11.34,2027.94,2.0
2026-04-29 07:00,3.4998,3.7004,89.6,11.2,2094.53,1.4
2026-04-29 19:00,3.4938,3.701,89.58,11.17,2109.65,1.4
2026-04-30 07:00,3.5042,3.7222,88.44,11.89,1985.67,1.0
2026-04-30 19:00,3.5022,3.7227,88.49,11.98,1981.78,1.1
2026-05-01 07:00,3.5022,3.7399,89.16,11.96,1980.0,1.3
2026-05-01 19:00,3.4987,3.7384,89.42,11.91,1974.97,1.2
2026-05-04 07:00,3.5208,3.7274,90.3,11.97,1980.34,1.0
2026-05-04 19:00,3.5263,3.7276,90.35,11.97,1984.0,1.1
2026-05-05 07:00,3.5255,3.7329,92.15,11.41,2025.66,1.5
2026-05-05 19:00,3.5284,3.735,92.24,11.51,2022.02,1.5
2026-05-06 07:00,3.5259,3.7408,92.7,10.8,1969.67,1.4
2026-05-06 19:00,3.5334,3.7388,92.67,10.79,1977.93,1.4
2026-05-07 07:00,3.532,3.7529,94.48,10.23,1981.56,1.0
2026-05-07 19:00,3.5292,3.7559,94.76,10.16,1972.28,1.0
2026-05-08 07:00,3.5123,3.7463,95.54,10.41,2005.5,1.0
2026-05-08 19:00,3.511,3.7476,95.89,10.44,2006.18,1.0
2026-05-11 07:00,3.5049,3.7457,95.98,9.93,1932.02,1.1
2026-05-11 19:00,3.5048,3.749,96.04,9.97,1935.28,1.0
2026-05-12 07:00,3.4739,3.7446,96.54,10.2,1966.79,1.1
2026-05-12 19:00,3.4771,3.7369,96.47,10.22,1965.65,1.0
2026-05-13 07:00,3.4888,3.7461,96.79,10.4,1949.7,1.4
2026-05-13 19:00,3.4927,3.7436,96.57,10.52,1957.34,1.3
2026-05-14 07:00,3.4681,3.7469,97.2,10.31,1978.56,1.0
2026-05-14 19:00,3.4713,3.7509,97.31,10.38,1980.27,1.0
2026-05-15 07:00,3.4808,3.7619,97.55,10.02,1948.14,1.0
2026-05-15 19:00,3.4804,3.7598,97.51,10.0,1950.14,1.0
2026-05-18 07:00,3.4834,3.7848,97.83,9.94,1987.95,1.0
2026-05-18 19:00,3.4845,3.7866,97.85,10.0,1987.14,0.9
2026-05-19 07:00,3.5077,3.7923,97.15,10.26,1986.57,1.0
2026-05-19 19:00,3.5106,3.7922,97.02,10.16,1988.31,1.0
2026-05-20 07:00,3.5091,3.7919,95.88,10.06,2006.06,1.0
2026-05-20 19:00,3.51,3.7928,95.94,10.0,1995.83,1.0
2026-05-21 07:00,3.5126,3.7898,95.71,9.98,2041.14,1.0
2026-05-21 19:00,3.5176,3.7905,95.6,9.99,2030.94,1.0
2026-05-22 07:00,3.5007,3.7734,94.65,10.8,2053.66,1.0
2026-05-22 19:00,3.502,3.7692,94.74,10.72,2061.37,1.1
2026-05-25 07:00,3.4932,3.7552,94.31,10.92,2062.31,1.1
2026-05-25 19:00,3.4875,3.7564,94.37,10.91,2047.14,1.1
2026-05-26 07:00,3.4758,3.7589,94.08,11.04,2059.49,1.0
2026-05-26 19:00,3.4774,3.7645,94.17,10.94,2052.17,1.0
2026-05-27 07:00,3.4697,3.7607,94.45,11.18,2064.21,1.0
2026-05-27 19:00,3.4735,3.7614,94.52,11.12,2071.31,1.0
2026-05-28 07:00,3.4808,3.739,94.11,11.29,2100.34,1.3
2026-05-28 19:00,3.4822,3.7344,94.24,11.21,2094.71,1.5
2026-05-29 07:00,3.4832,3.7481,94.15,11.91,2067.15,1.0
2026-05-29 19:00,3.4801,3.7497,94.11,11.94,2064.5,1.2
2026-06-01 07:00,3.4912,3.7717,94.46,11.12,2064.86,0.9
2026-06-01 19:00,3.4866,3.7692,94.41,11.01,2054.65,1.0
2026-06-02 07:00,3.4888,3.7828,94.55,11.73,2020.26,1.2
2026-06-02 19:00,3.4887,3.78,94.65,11.62,2018.63,1.2
2026-06-03 07:00,3.49,3.7995,95.24,11.58,2037.19,1.2
2026-06-03 19:00,3.4888,3.8077,95.31,11.59,2030.44,1.2
2026-06-04 07:00,3.4628,3.7926,95.16,11.54,1968.63,1.4
2026-06-04 19:00,3.4612,3.7943,95.27,11.61,1970.97,1.4
2026-06-05 07:00,3.4369,3.8143,96.87,12.25,1952.88,1.0
2026-06-05 19:00,3.4418,3.8181,97.08,12.26,1952.93,1.0
2026-06-08 07:00,3.447,3.8094,95.91,12.62,2008.91,1.1
2026-06-08 19:00,3.451,3.8172,95.8,12.63,2014.41,1.0
2026-06-09 07:00,3.4725,3.8234,97.65,12.87,2060.38,1.1
2026-06-09 19:00,3.4681,3.8164,97.55,12.84,2063.82,1.0
2026-06-10 07:00,3.4816,3.8068,97.83,13.17,2117.15,1.6
2026-06-10 19:00,3.4798,3.8084,97.98,13.19,2119.36,1.5
2026-06-11 07:00,3.4759,3.776,97.88,13.01,2095.81,1.6
2026-06-11 19:00,3.4753,3.777,97.92,13.04,2094.58,1.6
2026-06-12 07:00,3.4852,3.7956,97.89,12.92,2046.44,1.2
2026-06-12 19:00,3.4869,3.7934,98.13,12.89,2038.15,1.2
2026-06-15 07:00,3.4798,3.7887,97.82,13.1,2033.27,1.1
2026-06-15 19:00,3.4845,3.7886,97.73,12.94,2045.66,1.2
2026-06-16 07:00,3.4437,3.7742,98.11,12.7,2019.59,1.0
2026-06-16 19:00,3.4431,3.7765,98.12,12.82,2015.27,1.1
2026-06-17 07:00,3.4659,3.7796,97.1,12.61,2031.15,1.0
2026-06-17 19:00,3.4605,3.7842,97.24,12.63,2033.95,1.0
2026-06-18 07:00,3.4833,3.7603,97.71,11.84,1996.77,1.0
2026-06-18 19:00,3.4825,3.7576,97.84,11.82,1994.23,1.1
2026-06-19 07:00,3.4807,3.7361,97.71,11.75,1966.1,1.0
2026-06-19 19:00,3.4733,3.7389,97.88,11.58,1971.98,1.0
2026-06-22 07:00,3.4968,3.7611,97.02,12.05,1941.8,1.0
2026-06-22 19:00,3.4959,3.762,97.09,11.93,1938.23,1.0
2026-06-23 07:00,3.5018,3.7729,96.43,12.13,1868.55,1.0
2026-06-23 19:00,3.4988,3.7785,96.56,12.08,1872.87,1.1
2026-06-24 07:00,3.5125,3.7824,96.69,12.47,1955.37,1.0
2026-06-24 19:00,3.5094,3.7793,96.66,12.53,1957.27,0.9
2026-06-25 07:00,3.4915,3.7882,95.98,13.0,1971.78,1.1
2026-06-25 19:00,3.4915,3.7885,96.04,12.95,1964.56,1.1
2026-06-26 07:00,3.5109,3.7962,96.1,12.88,1981.39,1.2
2026-06-26 19:00,3.5053,3.7986,96.14,12.9,1984.45,1.3
2026-06-29 07:00,3.5304,3.8266,96.15,12.9,2031.19,1.0
2026-06-29 19:00,3.5298,3.8236,95.97,12.83,2028.39,1.1
2026-06-30 07:00,3.5236,3.8265,95.98,12.52,1989.5,1.0
2026-06-30 19:00,3.5248,3.83,96.04,12.43,1985.21,1.0
2026-07-01 07:00,3.5314,3.8163,95.68,12.75,2012.84,1.0
2026-07-01 19:00,3.5338,3.821,95.62,12.61,2021.62,1.0
2026-07-02 07:00,3.5168,3.8017,97.13,12.79,2030.38,1.0
2026-07-02 19:00,3.5142,3.799,96.91,12.88,2030.35,1.0
2026-07-03 07:00,3.5136,3.789,97.82,12.17,2028.74,1.0
2026-07-03 19:00,3.5148,3.7841,97.92,12.15,2031.7,1.0
2026-07-06 07:00,3.5109,3.797,97.58,12.23,2072.88,1.0
2026-07-06 19:00,3.5092,3.7976,97.53,12.18,2078.15,0.9
2026-07-07 07:00,3.4948,3.7952,97.87,12.92,1990.35,1.1
2026-07-07 19:00,3.5003,3.7938,97.7,12.86,1982.29,1.1
2026-07-08 07:00,3.4958,3.8178,97.35,12.86,2007.75,1.0
2026-07-08 19:00,3.4968,3.8216,97.41,12.99,2002.42,0.9
2026-07-09 07:00,3.5196,3.8314,97.45,13.17,1986.78,1.1
2026-07-09 19:00,3.5281,3.8381,97.33,13.16,1990.89,1.3
2026-07-10 07:00,3.539,3.8731,96.65,12.88,1926.94,1.2
2026-07-10 19:00,3.5403,3.8722,96.49,12.87,1928.12,1.2
2026-07-14 08:25,3.0269,3.4498,84.9000015258789,,1202.43,1.6
2026-07-14 09:42,3.0269,3.4498,85.2699966430664,,,1190.97,1.8
2026-07-14 09:44,,,85.19000244140625,,,1222.89,1.8
2026-07-14 07:18,3.0269,3.4498,85.51000213623047,,,1205.47,1.7
2026-07-14 07:29,3.0269,3.4498,85.61000061035156,,,1220.31,1.8
